index,axis-0,axis-1,axis-2
0.0,474.0,1731.6161281295356,1353.69324058399
1.0,474.0,1747.8483670550652,1441.2558815484676
2.0,474.0,1740.303805300946,1415.650096201153
3.0,474.0,1732.30199737991,1411.7635037823643
4.0,474.0,1718.58461237242,1443.313489299591
5.0,474.0,1732.7592435468264,1453.1442818882922
6.0,474.0,1723.1570740415834,1422.2801656214397
7.0,474.0,1714.240773786715,1426.852627290603
8.0,474.0,1711.0400506183005,1413.8211115334877
9.0,474.0,1710.1255582844678,1406.2765497793682
10.0,474.0,1721.09946629046,1396.9030033575834
11.0,474.0,1717.4414969551292,1393.702280189169
12.0,474.0,1710.1255582844678,1390.5015570207547
13.0,474.0,1702.3523734468904,1392.33054168842
14.0,474.0,1704.638604281472,1399.8751034425395
15.0,474.0,1699.8375195288504,1402.6185804440374
16.0,474.0,1701.6665041965157,1406.7337959462845
17.0,474.0,1696.408173276978,1414.5069807838622
18.0,474.0,1693.66469627548,1404.9048112786193
19.0,474.0,1686.577380688277,1395.3026417733763
20.0,474.0,1682.690788269488,1398.5033649417906
21.0,474.0,1679.4900651010737,1405.5906805289937
22.0,474.0,1682.46216518603,1412.4493730327388
23.0,474.0,1692.292957774731,1439.6555199642603
24.0,474.0,1688.4063653559422,1443.084866216133
25.0,474.0,1675.1462265153687,1445.3710970507145
26.0,474.0,1702.1237503634322,1438.7410276304274
27.0,474.0,1676.975211183034,1415.4214731176944
28.0,474.0,1672.1741264304123,1420.9084271206905
29.0,474.0,1662.114710758253,1436.683419879304
30.0,474.0,1657.0850029221735,1439.8841430477182
31.0,474.0,1671.4882571800379,1402.389957360579
32.0,474.0,1670.5737648462052,1389.5870646869218
33.0,474.0,1689.7781038566911,1392.559164771878
34.0,474.0,1689.0922346063167,1383.1856183500931
35.0,474.0,1685.434265270986,1382.2711260162605
36.0,474.0,1695.2650578596872,1378.841779764388
37.0,474.0,1694.3505655258546,1371.754464177185
38.0,474.0,1714.9266430370894,1368.7823640922288
39.0,474.0,1712.1831660355915,1369.9254795095196
40.0,474.0,1695.4936809431454,1366.2675101741888
41.0,474.0,1691.6070885243566,1364.6671485899817
42.0,474.0,1726.815043376914,1364.6671485899817
43.0,474.0,1733.4451127972009,1363.0667870057746
44.0,474.0,1749.9059748061889,1334.2602784900457
45.0,474.0,1772.0824139016308,1322.143255066763
46.0,474.0,1775.0545139865872,1305.4537699743169
47.0,474.0,1748.53423630544,1288.0784156314962
48.0,474.0,1741.904166885153,1293.3367465510341
49.0,474.0,1746.9338747212328,1309.797608560022
50.0,474.0,1727.7295357107466,1317.5707933975996
51.0,474.0,1717.8987431220455,1334.4889015735039
52.0,474.0,1693.436073192022,1324.2008628178864
53.0,474.0,1682.2335421025718,1326.9443398193844
54.0,474.0,1674.9176034319105,1316.884924147225
55.0,474.0,1737.788951382906,1307.2827546419821
56.0,474.0,1732.9878666302845,1298.3664543871137
57.0,474.0,1723.842943291958,1296.7660928029065
58.0,474.0,1712.6404122025078,1308.654493142731
59.0,474.0,1708.5251967002607,1324.4294859013446
60.0,474.0,1700.2947656957667,1302.4816698893608
61.0,474.0,1722.699827874667,1342.7193325779979
62.0,474.0,1711.0400506183007,1336.5465093246273
63.0,474.0,1695.036434776229,1328.7733244870496
64.0,474.0,1690.2353500236075,1354.150486750906
65.0,474.0,1687.4918730221095,1342.7193325779979
66.0,474.0,1680.8618036018227,1365.5816409238143
67.0,474.0,1673.3172418477034,1365.124394756898
68.0,474.0,1674.4603572649942,1354.8363560012806
69.0,474.0,1665.7726800935839,1334.0316554065876
70.0,474.0,1672.1741264304123,1321.9146319833048
71.0,474.0,1682.46216518603,1321.6860088998467
72.0,474.0,1709.2110659506352,1295.851600469074
73.0,474.0,1717.8987431220455,1285.7921847969146
74.0,474.0,1713.7835276197986,1287.1639232976636
75.0,474.0,1704.8672273649302,1275.275522957839
76.0,474.0,1699.6088964453922,1270.9316843721338
77.0,474.0,1695.4936809431454,1282.8200847119585
78.0,474.0,1694.8078116927709,1290.593269549536
79.0,474.0,1679.7186881845319,1284.877692463082
80.0,474.0,1680.8618036018227,1291.0505157164523
81.0,474.0,1669.8878955958307,1290.593269549536
82.0,474.0,1661.6574645913367,1287.8497925480383
83.0,474.0,1661.8860876747951,1387.5294569357986
84.0,474.0,1653.427033586843,1336.5465093246276
85.0,474.0,1719.2704816227947,1280.533853877377
86.0,474.0,1714.6980199536313,1280.762476960835
87.0,474.0,1706.2389658656791,1280.533853877377
88.0,474.0,1712.1831660355915,1268.8740766210105
89.0,474.0,1727.7295357107469,1270.4744382052177
90.0,474.0,1725.9005510430814,1274.1324075405485
91.0,474.0,1720.6422201235437,1272.7606690397995
92.0,474.0,1719.2704816227947,1263.1584995345565
93.0,474.0,1715.3838892040058,1251.9559684451062
94.0,474.0,1709.89693520101,1256.2998070308115
95.0,474.0,1736.417212882157,1275.5041460412974
96.0,474.0,1733.9023589641172,1277.1045076255045
97.0,474.0,1736.1885897986988,1280.0766077104606
98.0,474.0,1694.5791886093127,1257.6715455315605
99.0,474.0,1692.7502039416474,1254.6994454466044
100.0,474.0,1701.4378811130578,1247.8407529428594
101.0,474.0,1697.3226656108106,1247.8407529428594
102.0,474.0,1721.5567124573763,1254.9280685300625
103.0,474.0,1734.3596051310335,1291.507761883369
104.0,474.0,1700.0661426123088,1308.6544931427313
105.0,474.0,1686.1201345213606,1312.9983317284366
106.0,474.0,1682.0049190191137,1316.6563010637672
107.0,474.0,1681.7762959356555,1343.862447995289
108.0,474.0,1678.8041958506992,1341.8048402441655
109.0,474.0,1668.5161570950818,1342.2620864110818
110.0,474.0,1664.1723185093767,1346.1486788298705
111.0,474.0,1659.8284799236715,1353.9218636674482
112.0,474.0,1656.8563798387154,1366.038887090731
113.0,474.0,1657.3136260056317,1375.1838104290578
114.0,474.0,1656.399133671799,1382.2711260162607
115.0,474.0,1661.4288415078786,1387.5294569357986
116.0,474.0,1643.3676179146837,1390.0443108538384
117.0,474.0,1639.938271662811,1392.7877878553363
118.0,474.0,1654.798772087592,1394.1595263560853
119.0,474.0,1658.4567414229225,1400.7895957763722
120.0,474.0,1650.2263104184285,1403.9903189447866
121.0,474.0,1655.2560182545083,1410.391765281615
122.0,474.0,1651.1408027522612,1412.2207499492806
123.0,474.0,1656.6277567552572,1406.04792669591
124.0,474.0,1649.540441168054,1427.0812503740613
125.0,474.0,1647.7114565003887,1420.9084271206907
126.0,474.0,1639.709648579353,1426.852627290603
127.0,474.0,1629.4216098237355,1425.4808887898541
128.0,474.0,1629.8788559906518,1430.2819735424755
129.0,474.0,1622.3342942365323,1428.9102350417265
130.0,474.0,1611.8176323974567,1447.428704801838
131.0,474.0,1663.9436954259186,1446.7428355514635
132.0,474.0,1706.9248351160536,1484.694267405519
133.0,474.0,1721.5567124573763,1480.8076749867303
134.0,474.0,1720.1849739566273,1433.2540736274318
135.0,474.0,1737.560328299448,1430.9678427928502
136.0,474.0,1738.7034437167388,1375.641056595974
137.0,474.0,1677.6610804334084,1277.1045076255045
138.0,474.0,1669.4306494289144,1242.3537989398633
139.0,474.0,1643.1389948312253,1300.6526852216957
140.0,474.0,1651.1408027522612,1300.8813083051539
141.0,474.0,1640.1668947462692,1286.4780540472893
142.0,474.0,1643.8248640816,1310.712100893855
143.0,474.0,1635.8230561605642,1318.2566626479743
144.0,474.0,1638.1092869951458,1334.0316554065878
145.0,474.0,1619.8194403184925,1327.630209069759
146.0,474.0,1616.3900940666201,1326.7157167359264
147.0,474.0,1623.9346558207394,1321.686008899847
148.0,474.0,1632.3937099086916,1344.091071078747
149.0,474.0,1623.7060327372812,1336.5465093246276
150.0,474.0,1634.9085638267316,1358.2657022531534
151.0,474.0,1650.2263104184285,1358.7229484200698
152.0,474.0,1653.1984105033848,1347.0631711637034
153.0,474.0,1635.1371869101897,1374.9551873455994
154.0,474.0,1624.6205250711141,1396.9030033575834
155.0,474.0,1615.7042248162456,1420.9084271206907
156.0,474.0,1612.274878564373,1415.4214731176949
157.0,474.0,1600.6151013080066,1423.4232810387307
158.0,474.0,1607.2451707282935,1393.702280189169
159.0,474.0,1590.3270625523892,1402.3899573605793
160.0,474.0,1667.1444185943328,1412.677996116197
161.0,474.0,1704.1813581145557,1338.6041170757512
162.0,474.0,1707.38208128297,1315.9704318133927
163.0,474.0,1682.0049190191137,1229.0936600992898
164.0,474.0,1627.59262515607,1269.788568954843
165.0,474.0,1617.990455650827,1278.7048692097114
166.0,474.0,1607.2451707282933,1312.54108556152
167.0,474.0,1554.8904846163732,1277.5617537924206
168.0,474.0,1566.0930157058233,1403.53307277787
169.0,474.0,1576.838300628357,1383.6428645170095
170.0,474.0,1596.2712627223013,1379.5276490147626
171.0,474.0,1597.8716243065085,1364.667148589982
172.0,474.0,1600.6151013080064,1367.639248674938
173.0,474.0,1608.8455323125004,1363.0667870057746
174.0,474.0,1616.39009406662,1350.9497635824919
175.0,474.0,1618.4477018177433,1361.9236715884838
176.0,474.0,1618.2190787342852,1370.382725676436
177.0,474.0,1621.1911788192413,1378.3845335974718
178.0,474.0,1626.6781328222373,1377.4700412636391
179.0,474.0,1655.5453215769212,1266.7589719754105
180.0,474.0,1661.4798463276068,1253.7771990832857
181.0,474.0,1647.5708039431875,1255.446284169416
182.0,474.0,1665.5598320937033,1256.3735536617107
183.0,474.0,1666.4871015859978,1249.6972133171894
184.0,474.0,1662.2216619214425,1249.6972133171894
185.0,474.0,1620.7143969884553,1287.5346543817284
186.0,474.0,1619.7999046546227,1297.1368238869713
187.0,474.0,1630.08794341024,1299.6516778050113
188.0,474.0,1624.3723663237859,1312.2259473952104
189.0,474.0,1620.7143969884553,1314.2835551463338
190.0,474.0,1627.1158433252838,1316.112539813999
191.0,474.0,1357.4545309196537,1313.4702632034137
192.0,474.0,1321.2910207201633,1381.9027517347572
193.0,474.0,1366.5417719441411,1254.4959234934756
194.0,474.0,1447.5851255706914,1262.0995333302915
195.0,474.0,1521.229611188754,560.9068100244318
196.0,474.0,1373.2205720915526,692.7613196658738
197.0,474.0,1407.6711543787824,815.1787292279275
198.0,474.0,1465.3473167995082,673.8628586022265
199.0,474.0,1481.2509476172684,725.8128879391693
200.0,474.0,1765.1341419540477,817.9406549742824
201.0,474.0,1664.4364311774461,1308.588997934305
202.0,474.0,1654.3736194564317,1328.3858009000119
203.0,474.0,1660.7170846442393,1324.0497614045485
204.0,474.0,1643.292629634692,1341.072731275627
205.0,474.0,1645.2197582993424,1343.7225331895213
206.0,474.0,1647.4680750747677,1339.7879788325267
207.0,474.0,1605.6238721374195,1262.395294222045
208.0,474.0,1592.854389081024,1255.268140888243
209.0,474.0,1592.062483155046,1295.259390150133
210.0,474.0,1591.0726007475735,1288.5281897793197
211.0,474.0,1544.5697886675941,1242.1047182074435
212.0,474.0,1621.3555294377268,1194.1570610749623
213.0,437.0,1539.0536035574653,1557.8330455157138
214.0,437.0,1527.3729911492894,1538.9262915329884
215.0,437.0,1527.966920593773,1528.928479217516
216.0,437.0,1521.2357202229598,1534.9667619030984
217.0,437.0,1520.5428025377291,1539.520220977472
218.0,437.0,1518.2660730005423,1546.8453507927688
219.0,437.0,1520.1468495747401,1556.4472101452523
220.0,437.0,1509.654096055531,1538.0353973662632
221.0,437.0,1498.6664013325858,1542.2918917183952
222.0,437.0,1495.9937188324102,1546.0534448667909
223.0,437.0,1493.4200245729814,1551.6957745893842
224.0,437.0,1490.3513891098166,1552.9826217190985
225.0,437.0,1495.597765869421,1520.5144787539996
226.0,437.0,1491.3412715172894,1518.9306669020434
227.0,437.0,1489.3615067023443,1524.177043661648
228.0,437.0,1485.2040005909598,1520.0195375502633
229.0,437.0,1477.779882534916,1521.801325883714
230.0,437.0,1472.9294587383004,1521.009419957736
231.0,437.0,1468.1780231824323,1526.6517496803294
232.0,437.0,1465.6043289230038,1515.0701255129009
233.0,437.0,1462.1397404968498,1514.4761960684173
234.0,437.0,1465.5053406822565,1503.2905248639777
235.0,437.0,1471.3456468863444,1494.777536159714
236.0,437.0,1466.5942113304761,1491.3129477335601
237.0,437.0,1456.794375496498,1508.041960419846
238.0,437.0,1452.8348458666082,1510.1207134755382
239.0,437.0,1454.9135989223005,1512.9913724572084
240.0,437.0,1453.5277635518391,1502.1026659750107
241.0,437.0,1453.3297870703445,1497.549206900637
242.0,437.0,1448.8753162367182,1494.6785479189668
243.0,437.0,1447.7864455884983,1496.6583127339118
244.0,437.0,1446.895551421773,1485.9675827332085
245.0,437.0,1443.9259041993555,1488.937229955626
246.0,437.0,1444.915786606828,1492.3028301410327
247.0,437.0,1451.0530575331577,1513.8822666239337
248.0,437.0,1447.3904926255093,1514.0802431054283
249.0,437.0,1444.9157866068279,1511.5065488459998
250.0,437.0,1442.936021791883,1516.5549491241095
251.0,437.0,1443.0350100326302,1521.0094199577359
252.0,437.0,1444.7178101253335,1523.781090698659
253.0,437.0,1460.3579521633994,1527.740620328549
254.0,437.0,1443.8269159586082,1535.3627148660876
255.0,437.0,1445.0147748475752,1532.2940794029228
256.0,437.0,1436.4027979025643,1540.1141504219556
257.0,437.0,1429.0776680872675,1532.0961029214282
258.0,437.0,1440.0653628102125,1508.6358898643293
259.0,437.0,1436.8977391063006,1512.7933959757142
260.0,437.0,1433.3341624393995,1508.7348781050769
261.0,437.0,1430.1665387354874,1503.3895131047252
262.0,437.0,1430.1665387354874,1496.9552774561537
263.0,437.0,1434.324044846872,1492.3028301410327
264.0,437.0,1432.9382094764105,1489.3331829186152
265.0,437.0,1435.8088684580807,1478.1475117141756
266.0,437.0,1441.3522099399272,1474.0889938435382
267.0,437.0,1429.572609291004,1470.6244054173844
268.0,437.0,1432.3442800319272,1473.8910173620438
269.0,437.0,1427.592844476059,1477.9495352326812
270.0,437.0,1429.6715975317513,1491.1149712520657
271.0,437.0,1426.1080208648502,1492.8967595855163
272.0,437.0,1423.5343266054217,1494.2825949559779
273.0,437.0,1426.1080208648502,1499.2320069933405
274.0,437.0,1418.635817689566,1535.7327222471736
275.0,437.0,1415.3436395541216,1531.2360886963227
276.0,437.0,1415.5042336095091,1527.1409402839406
277.0,437.0,1412.854431695615,1521.2792572622957
278.0,437.0,1419.4387879665037,1516.5417326283634
279.0,437.0,1415.584530637203,1509.8770793297808
280.0,437.0,1410.2849268094144,1500.2414360065288
281.0,437.0,1418.635817689566,1492.0511391817647
282.0,437.0,1420.1614612157475,1486.9121294093636
283.0,437.0,1413.095322778696,1475.6705455322365
284.0,437.0,1418.6204195259056,1458.9359766717325
285.0,437.0,1415.7488328222855,1454.7786048769394
286.0,437.0,1410.0056594150456,1442.1350514804035
287.0,437.0,1408.8913123360287,1449.4211669970512
288.0,437.0,1406.9645264508847,1459.2955686030361
289.0,437.0,1402.2130908950164,1462.4631923069483
290.0,437.0,1405.7766675619175,1473.351898789146
291.0,437.0,1405.5786910804231,1477.8063696227723
292.0,437.0,1405.2817263581815,1484.1416170305965
293.0,437.0,1400.5302908023132,1520.4703013848382
294.0,437.0,1394.0960551537419,1511.4623714768381
295.0,437.0,1402.015114413522,1489.5859702716953
296.0,437.0,1400.6292790430605,1481.8648874934097
297.0,437.0,1398.84749070961,1474.0448164743766
298.0,437.0,1393.3041492277637,1479.7861344377172
299.0,437.0,1388.4537254311483,1490.4768644384205
300.0,437.0,1387.562831264423,1478.3013108265086
301.0,437.0,1393.3041492277637,1469.6893338814975
302.0,437.0,1395.0859375612142,1458.503662677058
303.0,437.0,1398.84749070961,1456.62288610286
304.0,437.0,1401.3221967282911,1446.823050268882
305.0,437.0,1395.6798670056978,1447.3179914726184
306.0,437.0,1393.3041492277637,1450.1886504542888
307.0,437.0,1387.6618195051703,1434.4495201754755
308.0,437.0,1386.1769958939615,1453.356274158201
309.0,437.0,1383.5043133937857,1452.4653799914756
310.0,437.0,1382.9103839493023,1462.3642040662007
311.0,437.0,1378.6538895971703,1469.7883221222448
312.0,437.0,1370.1409008929065,1489.3879937902009
313.0,437.0,1379.5447837638956,1499.8807473094096
314.0,437.0,1375.1893011710165,1464.5419453626403
315.0,437.0,1371.130783300379,1468.6004632332777
316.0,437.0,1373.9024540413022,1474.6387459188602
317.0,437.0,1379.0498425601593,1448.0109091578493
318.0,437.0,1377.367042467456,1451.2775211025084
319.0,437.0,1371.7247127448627,1455.6330036953875
320.0,437.0,1371.526736263368,1462.5621805476953
321.0,437.0,1365.2904770962907,1484.042628789849
322.0,437.0,1365.1914888555436,1474.0448164743764
323.0,437.0,1363.1127357998512,1475.9255930485742
324.0,437.0,1354.8967118178293,1488.8930525864644
325.0,437.0,1343.3150876504008,1468.402486751783
326.0,437.0,1355.193676540071,1450.5846034172775
327.0,437.0,1364.3995829295654,1452.762344713717
328.0,437.0,1367.2702419112359,1447.5159679541127
329.0,437.0,1363.013747559104,1445.5362031391676
330.0,437.0,1375.981207096994,1434.8454731384643
331.0,437.0,1373.5065010783128,1438.0130968423764
332.0,437.0,1376.8721012637195,1439.5969086943326
333.0,437.0,1369.2500067261813,1436.8252379534097
334.0,437.0,1376.1791835784888,1420.8881311931018
335.0,437.0,1384.5931840420053,1421.68003711908
336.0,437.0,1396.8677258946648,1426.431472674948
337.0,437.0,1368.854053763192,1411.979189525849
338.0,437.0,1364.9935123740493,1401.1894712843985
339.0,437.0,1363.5086887628404,1398.5167887842226
340.0,437.0,1363.9046417258294,1387.5290940612776
341.0,437.0,1359.450170892203,1413.1670484148162
342.0,437.0,1353.4118882066207,1423.3628372117832
343.0,437.0,1358.0643355217414,1428.015284526904
344.0,437.0,1363.409700522093,1432.1727906382887
345.0,437.0,1363.5086887628404,1436.627261471915
346.0,437.0,1357.0744531142689,1435.2414261014535
347.0,437.0,1347.5715820025328,1431.3808847123107
348.0,437.0,1344.7009230208623,1436.231308508926
349.0,437.0,1349.9472997804667,1404.4560832290579
350.0,437.0,1351.9270645954118,1406.930789247739
351.0,437.0,1354.5007588548403,1411.979189525849
352.0,437.0,1349.9472997804667,1416.0377073964864
353.0,437.0,1345.7897936690822,1420.987119433849
354.0,437.0,1336.4848990388405,1425.0456373044865
355.0,437.0,1333.61424005717,1423.3628372117832
356.0,437.0,1339.9494874649943,1411.187283599871
357.0,437.0,1344.898899502357,1405.7429303587721
358.0,437.0,1338.8606168167744,1404.1591185068162
359.0,437.0,1332.030428205214,1414.5528837852776
360.0,437.0,1328.466851538313,1408.6135893404426
361.0,437.0,1337.2768049648184,1398.5167887842226
362.0,437.0,1331.5354870014778,1398.0218475804863
363.0,437.0,1336.4848990388405,1389.4098706354755
364.0,437.0,1334.802098946137,1386.0442704500688
365.0,437.0,1333.61424005717,1383.1736114683986
366.0,437.0,1332.3273929274558,1390.2017765614535
367.0,437.0,1326.3880984826205,1393.8643414691019
368.0,437.0,1337.6727579278074,1376.8383640605743
369.0,437.0,1340.4444286687306,1375.55151693086
370.0,437.0,1347.67057024328,1376.8383640605743
371.0,437.0,1351.4321233916755,1372.2849049862007
372.0,437.0,1353.4118882066207,1374.1656815603985
373.0,437.0,1359.6481473736976,1368.9193048007942
374.0,437.0,1364.3995829295657,1380.8968819312117
375.0,437.0,1345.690805428335,1369.4142460045305
376.0,437.0,1344.7009230208623,1358.1295865593436
377.0,437.0,1319.7013836082742,1401.4224884932064
378.0,437.0,1316.1625044368795,1401.6665491257163
379.0,437.0,1312.3795646329752,1409.8425803148002
380.0,437.0,1306.1560185039712,1412.6492775886647
381.0,437.0,1319.0912320269993,1439.129856215996
382.0,437.0,1320.921686770824,1441.8145231736055
383.0,437.0,1301.5188664862817,1428.5132187018125
384.0,437.0,1301.030745221262,1421.4354603590234
385.0,437.0,1297.1257751011024,1423.7540363678681
386.0,437.0,1297.4918660498674,1447.6719783538447
387.0,437.0,1289.3158348607835,1417.774550871374
388.0,437.0,1321.1657474033339,1380.0671831485845
389.0,437.0,1315.3082922230947,1389.097426551453
390.0,437.0,1317.8709288644495,1373.9656673358354
391.0,437.0,1322.7521415146487,1367.2539999418113
392.0,437.0,1321.8979293008638,1354.806907683803
393.0,437.0,1318.1149894969594,1352.2442710424484
394.0,437.0,1330.1959908062029,1347.4850887085042
395.0,437.0,1333.6128396613424,1364.3252723516919
396.0,437.0,1333.2467487125775,1371.036939745716
397.0,437.0,1330.073960489948,1323.2010557737628
398.0,437.0,1347.5242957144105,1314.658933635914
399.0,437.0,1320.1895048732945,1331.8652082278666
400.0,437.0,1305.9119578714615,1347.9732099735243
401.0,437.0,1323.606353728434,1323.9332376712928
402.0,437.0,1323.4843234121788,1319.9062372348783
403.0,437.0,1309.6948976753658,1315.025024584679
404.0,437.0,1299.4443511099473,1324.4213589363126
405.0,437.0,1295.4173506735328,1308.069296558145
406.0,437.0,1292.6106533996683,1331.7431779116116
407.0,437.0,1287.2413194844491,1321.9807526112131
408.0,437.0,1297.4918660498677,1344.6783914346397
409.0,437.0,1300.5426239562423,1359.1999990689826
410.0,437.0,1307.1322610340112,1367.3760302580665
411.0,437.0,1310.7931705216608,1372.3792732245208
412.0,437.0,1305.1797759739316,1373.5995763870706
413.0,437.0,1298.4681085799075,1374.3317582846005
414.0,437.0,1292.1225321346485,1367.3760302580665
415.0,437.0,1287.7294407494692,1355.0509683163132
416.0,437.0,1294.319077827238,1355.6611198975882
417.0,437.0,1293.7089262459633,1385.314486747549
418.0,437.0,1281.505894620465,1360.9084234965524
419.0,437.0,1318.2740860418762,1396.421632494867
420.0,437.0,1316.1679817446889,1420.792267933748
421.0,437.0,1318.5749580843315,1429.8184292074075
422.0,437.0,1324.7428349546656,1434.3315098442374
423.0,437.0,1317.2210338932825,1446.065519499995
424.0,437.0,1287.7355737326611,1390.4041916457606
425.0,437.0,1280.213772671278,1395.067708303818
426.0,437.0,1313.6105693838188,1369.6440207163437
427.0,437.0,1270.5857938576198,1404.0938695774776
428.0,437.0,1267.2762013906113,1403.4921254925669
429.0,437.0,1274.0458223458559,1411.9165426813158
430.0,437.0,1270.1344857939366,1418.08441955165
431.0,437.0,1259.0022202230898,1411.3147985964054
432.0,437.0,1274.1962583670836,1373.1040492045797
433.0,437.0,1278.5589029826856,1381.829338435784
434.0,437.0,1265.4709691358794,1369.042276631433
435.0,437.0,1235.985508975258,1403.1912534501116
436.0,437.0,1280.3641352374175,1331.5837073457456
437.0,437.0,1274.4971304095388,1350.2377739779754
438.0,437.0,1279.6119551312793,1337.4507121736242
439.0,437.0,1283.673727704426,1332.1854514306563
440.0,437.0,1280.8154433011005,1326.7697546664604
441.0,437.0,1270.1344857939366,1323.911470263135
442.0,437.0,1307.4426190583963,1270.6571187485433
443.0,437.0,1311.6548276527708,1297.7356025695221
444.0,437.0,1252.6839073315282,1297.8860385907499
445.0,437.0,1253.4360874376664,1303.0008633124903
446.0,437.0,1247.41864658856,1321.3540579022647
447.0,437.0,1257.3474239895856,1325.1149584329562
448.0,437.0,1266.2231492420176,1318.3453374777116
449.0,437.0,1264.267480966058,1320.752313817354
450.0,437.0,1263.816172902375,1316.5401052229795
451.0,437.0,1268.9309976241154,1316.389669201752
452.0,437.0,1265.621405157107,1332.787195515567
453.0,437.0,1266.2231492420176,1342.4151008741371
454.0,437.0,1260.0552723716835,1343.0168449590478
455.0,437.0,1259.0022202230898,1366.0335562068797
456.0,437.0,1272.3910261123517,1381.6789024145562
457.0,437.0,1252.2325992678452,1337.3002761523967
458.0,437.0,1251.3299831404793,1344.0698971076413
459.0,437.0,1236.436817038941,1324.5132143480455
460.0,437.0,1260.0552723716835,1312.7792046922882
461.0,437.0,1231.7733003808835,1302.5496287038957
462.0,437.0,1243.6577460578685,1276.3737610102828
463.0,437.0,1210.4113853665558,1302.5496287038957
464.0,437.0,1215.5262100882962,1294.7269556000574
465.0,437.0,1225.755859531777,1339.8577619683554
466.0,437.0,1217.9331864279388,1368.8919140652936
467.0,437.0,1209.809641281645,1381.3781038271893
468.0,437.0,1226.5080396379153,1328.1237523125978
469.0,437.0,1232.5254804870217,1327.3715722064596
470.0,437.0,1252.8343433527557,1313.2305862110595
471.0,437.0,1252.8343433527557,1308.115761489319
472.0,437.0,1238.091613272445,1303.7531168737169
473.0,437.0,1247.7195186310155,1302.7000647251234
474.0,437.0,1262.7631207537813,1302.7000647251234
475.0,437.0,1269.984049772709,1305.2574770859935
476.0,437.0,1276.0014906218155,1303.7531168737169
477.0,437.0,1262.7631207537813,1290.514747005683
478.0,437.0,1255.391755713626,1276.8250690739658
479.0,437.0,1250.7282390555686,1289.0103867934063
480.0,437.0,1197.0225794772941,1297.2843679609275
481.0,437.0,1236.436817038941,1273.9667846706402
482.0,437.0,1231.923736402111,1281.187713689568
483.0,437.0,1282.77111157706,1300.744396449164
484.0,437.0,1275.70061857936,1279.3824814348363
485.0,437.0,1564.7626253623348,580.2189159621423
486.0,437.0,1552.727743664122,587.7407170235253
487.0,437.0,1552.5773076428945,583.0772003654679
488.0,437.0,1549.2677151758858,580.8206600470529
489.0,437.0,1547.7633549636093,577.6615036012721
490.0,437.0,1545.657250666422,574.5023471554912
491.0,437.0,1542.648530241869,560.3613611600912
492.0,437.0,1517.0744066331667,569.5379584549785
493.0,437.0,1508.3491174019623,577.8119396224997
494.0,437.0,1505.94214106232,586.8381008961593
495.0,437.0,1505.039524934954,597.3686223820955
496.0,437.0,1500.075136234441,592.8555417452657
497.0,437.0,1502.9334206377666,607.2973997831209
498.0,437.0,1505.7917050410922,609.8548121439911
499.0,437.0,1500.075136234441,622.1905658846592
500.0,437.0,1526.8527480129644,593.4572858301763
501.0,437.0,1534.0736770318922,591.9529256178996
502.0,437.0,1531.5162646710219,598.1208024882337
503.0,437.0,1534.8258571380304,587.1389729386145
504.0,437.0,1503.9864727863603,571.6440627521656
505.0,437.0,1492.8542072155133,581.7232761744187
506.0,437.0,1491.5002830244644,605.492167528389
507.0,437.0,1497.8185959160262,603.5364992524295
508.0,437.0,1504.2873448288155,613.3148406322273
509.0,437.0,1484.332078089087,618.86125675715
510.0,437.0,1497.6333825608797,626.9152576299789
511.0,437.0,1492.5081092781704,615.9325291670305
512.0,437.0,1496.6571400308399,635.2133191353176
513.0,437.0,1498.3655644584096,640.216562101772
514.0,437.0,1485.4303509353815,649.2468055046406
515.0,437.0,1478.8407138576124,640.0945317855169
516.0,437.0,1472.7391980448633,663.0362312414536
517.0,437.0,1480.5394938169643,597.0668985424677
518.0,437.0,1474.2763256568505,610.8779873057955
519.0,437.0,1490.0145430848288,590.8840274100477
520.0,437.0,1477.8093948753763,587.7524433299908
521.0,437.0,1468.9223017731838,618.7105938065116
522.0,437.0,1470.6085393547528,622.8860392465875
523.0,437.0,1474.7839847948287,617.1046532526364
524.0,437.0,1477.9155688748856,623.1269303296688
525.0,437.0,1463.7832920007827,628.9886133513137
526.0,437.0,1463.702994973089,632.0399004036768
527.0,437.0,1463.0606187515389,646.091880250086
528.0,437.0,1447.0815102404795,627.864454963601
529.0,437.0,1434.0733917540892,647.0554445824112
530.0,437.0,1450.1327972928425,645.2086129454544
531.0,437.0,1437.204975834146,627.9447519912945
532.0,437.0,1428.8540849539943,638.9454447853406
533.0,437.0,1426.926956289344,651.9535632717307
534.0,437.0,1430.0585403694006,676.3638596906355
535.0,437.0,1427.0875503447314,668.8962361151154
536.0,437.0,1440.1759658588153,671.0642558628471
537.0,437.0,1445.074084548135,663.6769293150205
538.0,437.0,1410.1448775013466,661.10742442882
539.0,437.0,1412.1523031936908,663.2754441765517
540.0,437.0,1411.2690358890593,674.9988102198415
541.0,437.0,1414.7218080798914,684.1526713769309
542.0,437.0,1420.5834911015363,693.1459384786327
543.0,437.0,1409.5025012797964,668.0129688104839
544.0,437.0,1432.1462630894387,687.9266316785379
545.0,437.0,1427.3284414278125,697.7228690571774
546.0,437.0,1448.7677478220482,686.0798000415813
547.0,437.0,1457.0383416745062,683.0285129892181
548.0,437.0,1459.447252505319,670.743067752072
549.0,437.0,1454.4688367883057,611.5641583417663
550.0,437.0,1439.3729955818776,618.5499997511239
551.0,437.0,1445.1543815758287,607.7901980401592
552.0,437.0,1384.6238638223,654.063169511031
553.0,437.0,1392.2961009049109,654.9657856383969
554.0,437.0,1390.7917406926342,663.3902028271459
555.0,437.0,1403.27793045453,674.5224683979927
556.0,437.0,1387.783020268081,684.3008097777906
557.0,437.0,1392.4465369261384,687.3095302023438
558.0,437.0,1386.5795320982597,692.2739189028566
559.0,437.0,1372.4385461028596,690.76955869058
560.0,437.0,1363.1115127867447,690.4686866481247
561.0,437.0,1363.4123848292002,703.4061844737034
562.0,437.0,1371.2350579330384,710.1758054289479
563.0,437.0,1358.2975601074597,706.7157769407117
564.0,437.0,1357.5453800013213,714.3880140233224
565.0,437.0,1342.3513418573277,709.4236253228096
566.0,437.0,1331.5199483289362,717.3967344478756
567.0,437.0,1346.1122423880192,727.7768199125841
568.0,437.0,1353.9349154918575,728.5290000187224
569.0,437.0,1374.2437783575915,722.3611231483884
570.0,437.0,1395.6056933719192,706.2644688770288
571.0,437.0,1406.737958942766,704.9105446859799
572.0,437.0,1418.0206605348405,723.2637392757543
573.0,437.0,1407.7910110913597,730.935976358365
574.0,437.0,1401.7735702422533,730.033360230999
575.0,437.0,1401.6231342210258,719.2019667026075
576.0,437.0,1394.853513265781,698.8931038368735
577.0,437.0,1422.5337411716705,738.6082134409756
578.0,437.0,1426.7459497660448,747.0326306297245
579.0,437.0,1423.7372293414917,713.7862699384118
580.0,437.0,1434.5686228698833,705.2114167284351
581.0,437.0,1418.0206605348405,665.6467431455607
582.0,437.0,1415.613684195198,656.7710178931287
583.0,437.0,1402.9770584120745,740.8647170318463
584.0,437.0,1394.5526412233255,738.307304670976
585.0,437.0,1390.791740692634,742.0682052016675
586.0,437.0,1370.7837498693552,736.2012003737889
587.0,437.0,1362.509768701834,732.7411718855526
588.0,437.0,1362.058460638151,737.4046885436101
589.0,437.0,1363.1115127867445,748.3865180932293
590.0,437.0,1370.934185890583,758.0144234517995
591.0,437.0,1393.1987170322766,770.3501771924678
592.0,437.0,1374.2437783575915,759.6692196853039
593.0,437.0,1338.5904413266362,737.1038165011549
594.0,437.0,1336.3339010082213,717.3966977203315
595.0,437.0,1323.8477112463256,746.2804137960421
596.0,437.0,1333.4756166048958,777.4206701901677
597.0,437.0,1334.8295407959447,779.9780825510379
598.0,437.0,1344.9087542181978,767.9432008528252
599.0,437.0,1346.2626784092467,774.5623857868422
600.0,437.0,1354.3862235555405,767.1910207466868
601.0,437.0,1364.1645649353384,793.9686325252103
602.0,437.0,1376.3498826547789,768.0936368740528
603.0,437.0,1399.8179019662937,772.9075895533379
604.0,437.0,1389.2873804803576,789.0042438246975
605.0,437.0,1401.1718261573426,774.8632578292975
606.0,437.0,1373.6420342726808,799.0834572469507
607.0,437.0,1383.2699396312512,797.8799690771294
608.0,437.0,1374.5446504000467,779.9780825510379
609.0,437.0,1311.6623935268851,778.0224142750782
610.0,437.0,1312.113701590568,773.0580255745655
611.0,437.0,1302.937104295681,776.2171820203464
612.0,437.0,1300.0788198923553,761.0231438763527
613.0,437.0,1291.0526586186957,771.5536653622889
614.0,437.0,1294.512687106932,781.3320067420868
615.0,437.0,1283.9821656209958,789.9068599520634
616.0,437.0,1292.1057107672893,790.057295973291
617.0,437.0,1301.131872040949,802.3930497139592
618.0,437.0,1288.645682279053,804.9504620748294
619.0,437.0,1293.7605070007935,806.1539502446507
620.0,437.0,1310.458905357064,815.781855603221
621.0,437.0,1317.3789623335363,799.9860733743167
622.0,437.0,1330.6173322015702,807.6583104569272
623.0,437.0,1332.873872519985,806.7556943295613
624.0,437.0,1340.5461096025958,799.384329289406
625.0,437.0,1328.511227904383,793.0660163978442
626.0,437.0,1341.5991617511895,848.1256001671677
627.0,437.0,1330.0155881166595,843.7629555515656
628.0,437.0,1253.2931438354647,836.9933345963209
629.0,437.0,1272.8498265950604,847.523856082257
630.0,437.0,1267.4341298308648,845.8690598487527
631.0,437.0,1277.062035189435,852.0369367190868
632.0,437.0,1281.2742437838094,837.1437706175485
633.0,437.0,1295.114357736754,856.0987092922336
634.0,437.0,1279.168139486622,828.117609343889
635.0,437.0,1268.186309937003,800.5878174592272
636.0,437.0,1252.240091686871,875.805828073057
637.0,437.0,1297.370898055169,842.1081593180613
638.0,437.0,1311.511884050569,820.4453722612783
639.0,437.0,1313.6179883477562,802.0921776715038
640.0,437.0,1296.1674098853478,791.7120922067952
641.0,437.0,1299.1761303099008,772.9075895533377
642.0,437.0,1307.2996754561946,773.2084615957931
643.0,437.0,1357.244507958866,843.161211466655
644.0,437.0,1388.0838923105364,811.1183389451634
645.0,437.0,1396.5083094992854,789.9068599520634
646.0,437.0,1364.1645649353384,763.8814282796783
647.0,437.0,1377.7038068458278,751.5456745390102
648.0,437.0,1374.8455224425022,747.7847740083187
649.0,437.0,1335.8825929445384,764.7840444070442
650.0,437.0,1368.9785176146236,789.9068599520634
651.0,437.0,1363.111512786745,806.0035142234229
652.0,437.0,1359.049740213598,784.792035230323
653.0,437.0,1518.1228099352704,594.6756435323152
654.0,437.0,1516.9954459165547,586.7840954013051
655.0,437.0,1521.5049019914177,588.4751414293787
656.0,144.0,1595.3542123193301,802.1218873505378
657.0,144.0,1599.2487441869678,797.1146320921468
658.0,144.0,1604.8123611407354,804.7182419289628
659.0,144.0,1625.397743869676,811.394582273484
660.0,144.0,1571.2886692441464,799.6876988048699
661.0,144.0,1600.0573860126171,1318.664455677209
662.0,144.0,1611.918119460813,1341.080955227773
663.0,144.0,1606.0239152280915,1342.998686748467
664.0,144.0,1609.8334275430138,1364.9826057923988
665.0,144.0,1613.901811980186,1369.1038263910928
666.0,144.0,1629.964005082788,1341.8932032074088
667.0,144.0,1598.9843270573526,1374.902042699321
668.0,144.0,1599.9925603074178,1390.060308114094
669.0,144.0,1583.1529614785704,1345.0028178215007
670.0,144.0,1543.1617122166804,1364.1075482857204
671.0,144.0,1692.933125791474,1354.9306120400272
672.0,144.0,1664.877395554036,1334.055690180911
673.0,144.0,2130.807995275683,734.9544477811814
674.0,144.0,2131.951110692974,771.0768949675717
675.0,144.0,2202.8242665650055,753.701540624751
676.0,144.0,2184.76304297181,702.9472160970382
677.0,144.0,2118.00023302089,738.0617094224192
678.0,144.0,2228.60990247761,1327.0290511288306
679.0,144.0,2236.583011602676,1333.046491977937
680.0,144.0,2215.0706605671207,1363.2841322446966
681.0,144.0,2171.4442144110994,1315.8967855579838
682.0,144.0,2167.8337499016357,1334.4004161689859
683.0,144.0,2157.3032284156993,1340.7187290605475
684.0,144.0,2171.594650432327,1341.3204731454582
685.0,144.0,2179.4173235361654,1338.6126247633604
686.0,144.0,2146.471834887308,1346.1344258247432
687.0,144.0,2168.1346219440907,1345.0813736761497
688.0,144.0,2195.81484984998,1335.4534683175793
689.0,144.0,2236.583011602676,1303.7114678385433
690.0,144.0,2235.0786513903995,1325.975998980237
691.0,144.0,2247.04739233531,1485.9441738333371
692.0,144.0,2747.972860029046,490.0925201686742
693.0,144.0,2771.991097786448,487.07922468150383
694.0,144.0,2768.9948812520547,487.01408953945185
695.0,144.0,2805.0146148068247,496.9797662734118
696.0,144.0,2872.811882695196,528.0314213208468
697.0,144.0,2867.540163821386,536.1747268982767
698.0,144.0,2867.4115853122685,558.8902635090025
699.0,144.0,2829.953354381953,583.6961484234539
700.0,144.0,2890.9943684133696,583.1012621609169
701.0,144.0,2894.942639191269,571.9897001145424
702.0,144.0,2900.980717353564,598.09141637841
703.0,144.0,2926.0194640744985,603.969742827562
704.0,144.0,2953.1647450569635,609.8503381874486
705.0,144.0,2948.450199722662,614.6077430247893
706.0,144.0,2891.0357472524715,678.9780075967476
707.0,144.0,2901.848180833108,696.1085499564306
708.0,144.0,2831.764723185784,689.9412228999802
709.0,144.0,2797.31681540574,664.2042803056944
710.0,144.0,2776.558169154229,654.6044011521341
711.0,144.0,2777.2903510517585,669.2480391027319
712.0,144.0,2905.2070377095674,732.5736891616913
713.0,144.0,2914.610920580556,740.1957836992298
714.0,144.0,2926.984450673963,739.6018542547463
715.0,144.0,2936.388333544952,736.4342305508342
716.0,144.0,2940.644827897084,753.3612197186144
717.0,144.0,2952.226452064512,749.7976430517133
718.0,144.0,2957.8687817871055,755.1430080520649
719.0,144.0,2951.5335343792817,759.5974788856913
720.0,144.0,2963.7090879911934,761.2802789783946
721.0,144.0,2966.8767116951058,759.0035494412077
722.0,144.0,2968.6585000285563,755.3409845335594
723.0,144.0,2958.1657465093485,746.3330546255594
724.0,144.0,2977.2704769735683,754.0541374038451
725.0,144.0,2980.1411359552385,755.2419962928121
726.0,144.0,2983.308759659151,757.4197375892517
727.0,144.0,2990.633889474447,760.5873612931638
728.0,144.0,2985.6844774370848,763.4580202748341
729.0,144.0,2984.991559751854,768.8033852751857
730.0,144.0,2987.4662657705353,769.4963029604165
731.0,144.0,2988.555136418755,748.5107959219989
732.0,144.0,3007.263913919985,773.7527973125483
733.0,144.0,3011.8173729943587,775.1386326830099
734.0,144.0,3007.956831605216,781.9688212945703
735.0,144.0,3018.4495851244246,771.1791030531198
736.0,144.0,3014.8860084575235,753.8561609223505
737.0,144.0,3013.9951142907985,733.0686303654275
738.0,144.0,3024.487867810007,749.5006783294714
739.0,144.0,3005.4821255865345,756.4298551817791
740.0,144.0,3035.5745507736997,762.7651025896032
741.0,144.0,3040.9199157740513,767.4175499047242
742.0,144.0,3033.1988329957653,736.830183513823
743.0,144.0,3047.4531396633697,749.2037136072296
744.0,144.0,3059.0347638307985,729.0101124947902
745.0,144.0,3055.8671401268866,751.1834784221747
746.0,144.0,3072.6951410539195,751.282466662922
747.0,144.0,2876.165202561896,780.3207250870511
748.0,144.0,2898.9324979337644,773.3915482347434
749.0,144.0,2899.1304744152585,768.7391009196225
750.0,144.0,2834.5588209500015,770.7832467583346
751.0,144.0,2842.3788919690346,756.6279283314775
752.0,144.0,2865.4431520631447,771.4761644435654
753.0,144.0,2729.065003419732,729.8895998134606
754.0,144.0,3001.251494108406,835.9005161327864
755.0,144.0,3002.9599185359757,830.8972731663321
756.0,144.0,2997.8346452532664,833.8260007564517
757.0,144.0,2975.0149761135845,816.0095745832243
758.0,144.0,2974.1607638998,821.5009388146984
759.0,144.0,3012.112192255099,838.463152774141
760.0,144.0,3004.9124035960554,844.1985776381252
761.0,144.0,3010.0376768787646,886.665127694859
762.0,144.0,2997.9566755695214,852.496639143464
763.0,144.0,2662.909619514631,931.0699914961006
764.0,144.0,3031.6005820145215,1287.10408835004
765.0,144.0,3008.738273668705,1258.9834490846856
766.0,144.0,3012.853489170952,1262.8700415034743
767.0,144.0,3004.165811999542,1265.156272338056
768.0,144.0,2998.4502349130876,1279.1022804290042
769.0,144.0,3028.3998588461072,1239.3218639072834
770.0,144.0,2997.0784964123386,1347.917828549912
771.0,144.0,2943.7366039975564,1439.4150305781036
772.0,144.0,2931.1674814232933,1449.1774558785023
773.0,144.0,2923.9676927642495,1425.9916957900557
774.0,144.0,2876.654818180809,1448.0842821058582
775.0,144.0,2840.2946986703905,1529.9236291059324
776.0,144.0,2823.698575659713,1543.1029032614704
777.0,144.0,2800.6348458875214,1544.5672670565302
778.0,144.0,2794.959056429163,1350.9203439598962
779.0,144.0,2798.0830964291545,1319.9881117762416
780.0,144.0,2534.324668409441,1538.442949478174
781.0,144.0,2486.002317767886,1437.0916877600303
782.0,277.0,1672.0388087189283,176.12104223118433
783.0,277.0,1652.3660369339557,179.9752995604851
784.0,277.0,1651.4827696293241,170.90173543108952
785.0,277.0,1636.146037339815,172.02589381880225
786.0,277.0,1629.8025721520073,181.8221311974417
787.0,277.0,1629.9631662073948,190.09272504989963
788.0,277.0,1613.2613844470918,177.16490359120328
789.0,277.0,1611.173661727054,189.12916071757445
790.0,277.0,1602.1000975976583,186.23846772059886
791.0,277.0,1591.9826721082432,181.90242822513545
792.0,277.0,1584.3544544773354,185.03401230519233
793.0,277.0,1581.383464452666,176.68312142504067
794.0,277.0,1582.1864347296037,180.8585668651165
795.0,277.0,1572.3901973509642,180.13589361587262
796.0,277.0,1580.3396030926472,195.95440807154455
797.0,277.0,1579.4563357880156,188.32619044063676
798.0,277.0,1577.2080190125903,186.72024988676145
799.0,277.0,1576.244454680265,181.01916092050402
800.0,277.0,1571.9887122124953,183.9098539174796
801.0,277.0,1573.0325735725144,190.17302207759337
802.0,277.0,1568.2147519108885,192.82282399148767
803.0,277.0,1573.5143557386768,195.3120318499944
804.0,277.0,1605.1513846500209,168.8140127110516
805.0,277.0,1615.9914833886794,182.063022280523
806.0,277.0,1620.4881169395303,179.81470550509755
807.0,277.0,1619.2836615241238,170.4199532649269
808.0,277.0,1621.291087216468,172.90916112343365
809.0,277.0,1619.123067468736,189.85183396681833
810.0,277.0,1624.4226712965246,187.84440827447418
811.0,277.0,1607.0785133146712,195.8741110438508
812.0,277.0,1604.749899511552,179.8950025327913
813.0,277.0,1599.3699986560696,179.8950025327913
814.0,277.0,1589.0919791112676,194.1878734622817
815.0,277.0,1610.7721765885847,175.79985412040924
816.0,277.0,1631.247918650495,173.95302248345263
817.0,277.0,1625.707423739625,180.4570817266477
818.0,277.0,1647.3073241892482,182.063022280523
819.0,277.0,1650.0374231308363,185.1143093328861
820.0,277.0,1654.8552447924621,177.88757684044717
821.0,277.0,1648.5117796046547,175.71955709271546
822.0,277.0,1667.8633632788524,179.09203225585364
823.0,277.0,1675.6521749651477,167.12777512948247
824.0,277.0,1637.75197789369,178.93143820046612
825.0,277.0,1564.4407916092816,185.67638852674253
826.0,277.0,1564.1196034985064,188.88826963449316
827.0,277.0,1562.1121778061624,192.1001507422438
828.0,277.0,1558.5791085876367,198.2830218746638
829.0,277.0,1561.4698015846122,203.7432197578399
830.0,277.0,1556.0899007291298,203.1008435362898
831.0,277.0,1556.1701977568237,188.96856666218693
832.0,277.0,1551.1114850121164,194.0272794068942
833.0,277.0,1552.7977225936854,196.35589321001342
834.0,277.0,1550.950890956729,198.76480404082642
835.0,277.0,1548.7828712089972,209.36401169640357
836.0,277.0,1550.1479206797912,187.1217350252303
837.0,277.0,1552.1553463721352,190.17302207759343
838.0,277.0,1547.4178217382032,191.9395566868563
839.0,277.0,1544.2059406304525,194.10757643458797
840.0,277.0,1542.1985149381082,184.15074500056096
841.0,277.0,1539.6290100519084,197.0785664592573
842.0,277.0,1534.9717824456698,199.9692594562329
843.0,277.0,1531.519010254838,199.40718026237653
844.0,277.0,1535.61415866722,196.19529915462587
845.0,277.0,1534.4097032518134,193.70609129611913
846.0,277.0,1534.409703251813,185.4354974436612
847.0,277.0,1524.5331688454798,186.47935880368016
848.0,277.0,1518.1094066299786,186.6399528590677
849.0,277.0,1523.2484164023795,192.10015074224378
850.0,277.0,1521.401584765423,194.83024968383185
851.0,277.0,1524.2922777623985,196.67708132078846
852.0,277.0,1516.3428720207157,194.18787346228171
853.0,277.0,1518.7517828515286,198.84510106852017
854.0,277.0,1518.1094066299786,202.13727920396457
855.0,277.0,1514.0945552452904,204.78708111785886
856.0,277.0,1507.26930789132,196.1150021269321
857.0,277.0,1507.9116841128703,203.98411084092118
858.0,277.0,1510.9629711652333,205.91123950557156
859.0,277.0,1506.7875257251576,209.04282358562844
860.0,277.0,1503.0938624512444,211.13054630566637
861.0,277.0,1502.7726743404692,208.07925925330326
862.0,277.0,1499.4804962050248,207.11569492097806
863.0,277.0,1497.8745556511494,202.94024948090222
864.0,277.0,1498.4366348450058,198.9253980962139
865.0,277.0,1492.8961399341358,212.17440766568532
866.0,277.0,1491.6916845187295,208.72163547485337
867.0,277.0,1489.2024766602226,196.99826943156353
868.0,277.0,1484.8664371647592,197.7209426808074
869.0,277.0,1486.0708925801657,200.8525267608643
870.0,277.0,1488.8009915217538,200.611635677783
871.0,277.0,1486.392080690941,211.21084333336015
872.0,277.0,1487.757130161735,214.9045066072734
873.0,277.0,1484.0634668878215,214.98480363496714
874.0,277.0,1483.9831698601279,205.75064545018404
875.0,277.0,1484.8664371647592,208.96252655793467
876.0,277.0,1480.530397669296,204.8673781455526
877.0,277.0,1474.989902758426,199.08599215160143
878.0,277.0,1476.8367343953826,207.83836817022194
879.0,277.0,1474.989902758426,214.02123930264196
880.0,277.0,1472.259803816838,207.2762889763656
881.0,277.0,1468.9676256813937,208.64133844715963
882.0,277.0,1469.850892986025,205.02797220094016
883.0,277.0,1471.1356454291256,214.74391255188584
884.0,277.0,1464.2301010474616,207.9989622256095
885.0,277.0,1462.3029723828113,205.42945733940894
886.0,277.0,1456.9230715273288,209.20341764101596
887.0,277.0,1455.7989131396162,219.32084313043052
888.0,277.0,1450.419012284134,216.18925905037364
889.0,277.0,1448.2509925364022,222.61302126587492
890.0,277.0,1450.9810914779903,233.29252594914584
891.0,277.0,1448.8933687579522,204.8673781455526
892.0,277.0,1449.5357449795024,199.32688323468273
893.0,277.0,1437.651784880825,198.84510106852014
894.0,277.0,1440.5424778778006,210.32757602872869
895.0,277.0,1445.1194084563454,212.97737794262298
896.0,277.0,1449.294853896421,211.85321955491025
897.0,277.0,1432.1112899699551,207.9989622256095
898.0,277.0,1441.265151127044,215.62717985651724
899.0,277.0,1428.8191118345103,212.49559577646036
900.0,277.0,1431.4689137484045,213.8606452472544
901.0,277.0,1424.161884228272,214.50302146880452
902.0,277.0,1421.8332704251527,217.1528233826988
903.0,277.0,1431.9506959145672,217.8754966319427
904.0,277.0,1406.0147559694808,217.95579365963647
905.0,277.0,1407.6206965233562,223.17510045973128
906.0,277.0,1396.8608948123915,213.94094227494816
907.0,277.0,1372.7717865042619,228.95648645368246
908.0,277.0,1662.6569523932696,1966.298547475275
909.0,277.0,1641.6713486866481,1967.6843828457363
910.0,277.0,1640.6814662791758,1965.209676827055
911.0,277.0,1634.2472306306042,1961.349135437912
912.0,277.0,1620.0919122037471,1965.1106885863078
913.0,277.0,1607.916358591835,1965.9025945122858
914.0,277.0,1597.8195580356153,1956.7956763635384
915.0,277.0,1576.141133311967,1960.6562177526812
916.0,277.0,1579.0117922936372,1967.6843828457363
917.0,277.0,1566.341297477989,1956.1027586783075
918.0,277.0,1565.0544503482745,1962.932947289868
919.0,277.0,1551.988002569637,1964.2197944195823
920.0,277.0,1547.8304964582524,1944.917087473868
921.0,277.0,1534.8630369203627,1965.2096768270553
922.0,277.0,1530.5075543274836,1964.714735623319
923.0,277.0,1529.4186836792637,1961.8440766416488
924.0,277.0,1527.3399306235715,1966.6945004382642
925.0,277.0,1529.121718957022,1970.7530183089016
926.0,277.0,1523.0834362714395,1958.5774646969892
927.0,277.0,1516.8471771043626,1961.646100160154
928.0,277.0,1511.9967533077472,1958.082523493253
929.0,277.0,1510.2149649742967,1955.409840993077
930.0,277.0,1508.5321648815934,1952.7371584929012
931.0,277.0,1512.5906827522308,1953.430076178132
932.0,277.0,1507.7402589556152,1960.557229511934
933.0,277.0,1498.8313172883625,1962.2400296046371
934.0,277.0,1474.77717478678,1957.9835352525056
935.0,277.0,1456.5633384892856,1957.884547011758
936.0,277.0,966.3912095033237,1698.042154851713
937.0,277.0,979.1875284969896,1719.7402609714072
938.0,277.0,981.4129752784967,1713.9911901191804
939.0,277.0,1011.6419607273015,1757.758310155487
940.0,277.0,919.6568270916746,1630.536935812664
941.0,369.0,1136.1047036276993,492.81894103215296
942.0,369.0,1130.307675985069,505.8459694425582
943.0,369.0,1123.4033509275544,509.68894282362777
944.0,369.0,1121.6447020921496,507.93029398822307
945.0,369.0,1117.8017287110797,514.9648893298419
946.0,369.0,1110.115781948941,503.2405637604772
947.0,369.0,1107.9011871191722,499.78840123171983
948.0,369.0,1108.226862829432,507.9954291302751
949.0,369.0,1103.8628083119465,506.88813171539067
950.0,369.0,1104.2536191642587,513.2062404944372
951.0,369.0,1100.410645783189,505.84596944255827
952.0,369.0,1098.782267231888,509.94948339183577
953.0,369.0,1093.897131577986,514.1181324831655
954.0,369.0,1096.241996691859,528.8386745869234
955.0,369.0,1115.717404165415,553.3294879984853
956.0,369.0,1090.0425814431535,496.9659632208482
957.0,369.0,1084.8969052210434,507.8435319435366
958.0,369.0,1080.8585264138178,511.9470458928141
959.0,369.0,1082.8777158174307,521.78245234267
960.0,369.0,1077.6017693112165,525.6254257237397
961.0,369.0,1084.6363646528355,533.0508319176706
962.0,369.0,1086.329878346188,536.8286701566882
963.0,369.0,1073.4331202198869,537.3497512931044
964.0,369.0,1070.1112279752335,534.0929941905031
965.0,369.0,1784.2778685485328,265.35107149382327
966.0,369.0,1776.605631465922,266.2536876211892
967.0,369.0,1784.4283045697603,271.5189483641573
968.0,369.0,1766.827290086124,274.9789768523935
969.0,369.0,1766.0751099799859,280.9964177014999
970.0,369.0,1771.791678786637,290.0225789751595
971.0,369.0,1764.8716218101647,286.11124242324036
972.0,369.0,1761.2611573007007,287.0138585506063
973.0,369.0,1760.2081051521072,291.97824725111906
974.0,369.0,1757.8011288124646,289.27039886902116
975.0,369.0,1757.8011288124646,279.64249351045095
976.0,369.0,1749.9784557086264,282.65121393500414
977.0,369.0,1734.9348535858603,279.9433655529063
978.0,369.0,1743.2088347533816,272.7224365339786
979.0,369.0,1726.5104363971113,264.7493274089126
980.0,369.0,1710.4137821257518,268.05891987592116
981.0,369.0,1724.1034600574687,281.14685372272754
982.0,369.0,1732.2270052037625,288.5182187628829
983.0,369.0,1732.5278772462173,291.2260671449808
984.0,369.0,1727.4130525244768,289.8721429539318
985.0,369.0,1724.4043320999235,291.5269391874361
986.0,369.0,1727.262616503249,293.63304348462333
987.0,369.0,1711.7677063168,290.47388703884246
988.0,369.0,1713.7233745927597,285.6599343595574
989.0,369.0,1701.9893649370022,286.41211446569565
990.0,369.0,1698.5293364487661,285.810370380785
991.0,369.0,1694.7684359180746,286.41211446569565
992.0,369.0,1697.0249762364895,274.07636072502754
993.0,369.0,1697.927592363856,277.6868252344914
994.0,369.0,1712.2190143804837,274.8285408311658
995.0,369.0,1642.8680085945323,305.5174891616084
996.0,369.0,1641.3917130499624,294.52196618957777
997.0,369.0,1679.914300868264,273.83395883925476
998.0,369.0,1686.25464025087,282.18207235968595
999.0,369.0,1612.229442177121,314.0074275301973
1000.0,369.0,1607.4116205154949,311.357625616303
1001.0,369.0,1604.7618186016007,314.087724557891
1002.0,369.0,1600.0242939676684,312.6423780594032
1003.0,369.0,1592.3960763367606,316.57693241639777
1004.0,369.0,1587.497957647441,327.65792223813753
1005.0,369.0,1576.4124780100626,312.5018211636946
1006.0,369.0,1542.303987683797,343.2367870035832
1007.0,369.0,1518.5296608348076,349.2943552144216
1008.0,369.0,1445.0493072539978,371.95919862548266
1009.0,369.0,1321.938839895941,392.0144445471744
1010.0,369.0,1296.966623159421,415.21318624853006
1011.0,369.0,1302.112299381531,428.1750795168833
1012.0,369.0,1222.1924978202896,435.79213823327785
1013.0,369.0,1218.805470433584,425.04483979469353
1014.0,369.0,1189.9773180901439,482.02027869981174
1015.0,369.0,1158.4459081153952,477.4245608476223
1016.0,369.0,1149.7454289984569,479.3103789813429
1017.0,369.0,1153.6027842719764,499.8829404401133
1018.0,369.0,1159.7316932065685,503.99745273186744
1019.0,369.0,1136.1519011622722,487.00222654727145
1020.0,369.0,1131.5924412186303,494.9487138776186
1021.0,369.0,1124.6229810190634,497.5541195596997
1022.0,369.0,1117.0673045410283,526.7997983410594
1023.0,369.0,1107.2318980911723,533.117907120106
1024.0,369.0,1112.2473040291784,532.5968259836898
1025.0,369.0,1101.7605461588023,522.95682495999
1026.0,369.0,1113.484871728167,521.1330409825332
1027.0,369.0,1110.3583849096697,511.8838508111454
1028.0,369.0,1100.7835190280218,533.4435828303662
1029.0,369.0,1098.0478430618366,541.9762864391815
1030.0,369.0,1096.9405456469522,547.1219626612916
1031.0,369.0,1096.8102753628482,531.3592582847012
1032.0,369.0,1102.1513570111144,555.459260843951
1033.0,369.0,1087.8867609017207,531.8152042790655
1034.0,369.0,1106.18973581834,497.0330384232834
1035.0,369.0,1097.4616267833685,502.30898492949757
1036.0,369.0,1094.4654102489753,495.2092544458267
1037.0,369.0,1097.6570322095245,482.8987125979937
1038.0,369.0,1097.4616267833685,479.12087435897615
1039.0,369.0,1100.8486541700738,478.9254689328201
1040.0,369.0,1101.5651407326461,482.3776314615775
1041.0,369.0,1108.925411784525,482.76844231388964
1042.0,369.0,1112.5729797394386,477.6879012338316
1043.0,369.0,1110.4235200517217,499.7687143894685
1044.0,369.0,1077.7256787416045,485.69952370623093
1045.0,369.0,1086.779463486836,510.0600668336888
1046.0,369.0,1083.7181118103908,524.3897980851345
1047.0,369.0,1084.8254092252753,527.841960613892
1048.0,369.0,1074.7294622072113,511.8187156690935
1049.0,369.0,1067.1737857291762,516.3130404706833
1050.0,369.0,1066.4572991666041,535.5279073760311
1051.0,369.0,1064.3729746209392,543.2789892802223
1052.0,369.0,1059.8135146772972,541.7808810130256
1053.0,369.0,1050.0432433694934,530.8381771482852
1054.0,369.0,1045.7443239940596,535.0068262396148
1055.0,369.0,1049.6524325171813,535.5279073760311
1056.0,369.0,1049.7175676592333,553.9611525767546
1057.0,369.0,1053.1045950459386,540.4781781719851
1058.0,369.0,1060.0089201034534,527.711690329788
1059.0,369.0,1068.5416237122688,551.8116928890377
1060.0,369.0,1076.683516468772,561.0608830604255
1061.0,369.0,1072.0589213830783,567.0533161292118
1062.0,369.0,1067.7600020076445,561.1260182024774
1063.0,369.0,1074.338651354899,581.5784528068136
1064.0,369.0,1086.779463486836,582.229804227334
1065.0,369.0,1052.388108483366,566.0762889984314
1066.0,369.0,1049.196486522817,559.8233153614369
1067.0,369.0,1031.6751333108218,538.9149347627365
1068.0,369.0,1015.5867532239713,549.2714223490086
1069.0,369.0,1011.7437798429017,571.6127760728536
1070.0,369.0,1009.9851310074971,581.8389933750218
1071.0,369.0,1049.522162233077,580.8619662442413
1072.0,369.0,1075.2505433436277,598.3181843141845
1073.0,369.0,1081.5035169806222,599.4254817290689
1074.0,369.0,1086.1932472083681,599.8814277234331
1075.0,369.0,1097.9827079197848,594.0844000808028
1076.0,369.0,1113.9408177225312,576.1722360164955
1077.0,369.0,1104.8870329772994,569.2679109589807
1078.0,369.0,1116.025142268196,581.3179122386056
1079.0,369.0,1082.4805441114024,631.537106760718
1080.0,369.0,1058.0548658418927,656.0930553143319
1081.0,369.0,1050.9551353582217,623.9814302826829
1082.0,369.0,1063.851893484523,606.0041310763236
1083.0,369.0,1057.7943252736845,600.1419682916412
1084.0,369.0,1051.085405642326,608.2838610481446
1085.0,369.0,1051.2808110684819,604.1803470988668
1086.0,369.0,1047.3727025453602,612.7130507076822
1087.0,369.0,1038.9702692206488,599.946562865485
1088.0,369.0,1029.265133054897,591.9349403930858
1089.0,369.0,1030.1118899015732,596.8200760469878
1090.0,369.0,1036.2997283965158,622.2227814472781
1091.0,369.0,1032.2613495892901,630.8206201981455
1092.0,369.0,1030.6981061800413,637.138728977192
1093.0,369.0,1024.510267685099,611.7360235769017
1094.0,369.0,1020.7324294460815,611.0846721563815
1095.0,369.0,1017.0197263491159,609.9122395994451
1096.0,369.0,1016.5637803547518,616.5560240887518
1097.0,369.0,1016.8894560650118,650.2960276717014
1098.0,369.0,1011.0272932803294,633.1654853120184
1099.0,369.0,1010.7667527121213,623.9162951406307
1100.0,369.0,1003.9926979387105,628.0198090899083
1101.0,369.0,997.0883728811958,660.8479206841296
1102.0,369.0,999.8891839894329,697.7795462276285
1103.0,369.0,990.9593722831268,567.949910264753
1104.0,369.0,986.0005460417212,621.6201667684966
1105.0,369.0,985.3903944604463,632.4808649151901
1106.0,369.0,975.627969160048,642.9754721131187
1107.0,369.0,971.9670596723985,662.0122014488959
1108.0,369.0,957.6895126705656,669.9441720054698
1109.0,369.0,932.307206889529,703.1364180268249
1110.0,369.0,941.2154199761427,707.8956003607693
1111.0,369.0,955.1268760292106,720.9528442000524
1112.0,369.0,917.2974779901662,760.8567576154315
1113.0,369.0,891.1829903115998,759.5144241366268
1114.0,369.0,886.1797473451456,748.4096653574234
1115.0,369.0,899.2369911844287,744.138604288499
1116.0,369.0,907.7791133222775,788.9237303540775
1117.0,369.0,887.1559898751855,725.7120265339967
1118.0,369.0,875.8071704634721,727.9085722265863
1119.0,369.0,874.0987460359023,738.0370884757499
1120.0,369.0,873.8546854033924,743.406422390969
1121.0,369.0,880.9324437461813,743.0403314422042
1122.0,369.0,863.116017572954,738.4031794245149
1123.0,369.0,872.1462609758227,776.1105471473044
1124.0,369.0,842.7369547583718,745.9690590323236
1125.0,369.0,836.1473176806028,751.0943323150328
1126.0,369.0,831.9982869279333,767.5684250094556
1127.0,369.0,845.0555307672165,763.0533033080213
1128.0,369.0,845.0555307672165,776.1105471473044
1129.0,369.0,836.1473176806028,775.7444561985394
1130.0,369.0,840.1743181170172,782.4561235925635
1131.0,369.0,843.2250760233918,781.9680023275436
1132.0,369.0,850.3028343661807,787.7034271915277
1133.0,369.0,855.7941985976549,787.3373362427628
1134.0,369.0,860.1872899828343,795.5133674318466
1135.0,369.0,856.1602895464199,799.2963072357511
1136.0,369.0,836.2693479968577,803.4453379884204
1137.0,369.0,832.7304688254633,805.3978230485002
1138.0,369.0,832.7304688254633,780.1375475837189
1139.0,369.0,826.8730136452243,775.0122743010097
1140.0,369.0,821.0155584649851,773.9140014547148
1141.0,369.0,817.1105883448257,775.5003955660296
1142.0,369.0,819.1851037211604,778.5511534724042
1143.0,369.0,826.2628620639493,759.1483331878619
1144.0,369.0,801.4907078641878,768.6666978557505
1145.0,369.0,810.7650118995665,784.7746996014082
1146.0,369.0,812.7174969596462,807.2282777923249
1147.0,369.0,808.4464358907218,800.3945800820459
1148.0,369.0,807.714253993192,792.950730790492
1149.0,369.0,805.7617689331122,794.5371249018067
1150.0,369.0,803.0771019755026,787.8254575077827
1151.0,369.0,797.9518286927934,791.3643366791772
1152.0,369.0,793.5587373076139,781.7239416950335
1153.0,369.0,788.7995549736696,784.8967299176632
1154.0,369.0,776.9626142969363,773.9140014547147
1155.0,369.0,789.0436156061796,791.6083973116872
1156.0,369.0,789.7757975037094,797.3438221756713
1157.0,369.0,787.4572214948648,803.6893986209304
1158.0,369.0,795.2671617351837,801.3708226120857
1159.0,369.0,806.738011463152,816.9907030927235
1160.0,369.0,797.7077680602833,825.4107949143173
1161.0,369.0,795.2671617351837,826.5090677606121
1162.0,369.0,796.7315255302435,831.7563713595764
1163.0,369.0,806.2498901981321,826.5090677606121
1164.0,369.0,808.0803449419569,831.8784016758314
1165.0,369.0,765.491764568968,779.893486951209
1166.0,369.0,768.2984618428327,805.8859443135202
1167.0,369.0,765.491764568968,808.8146719036398
1168.0,369.0,775.0101292368566,808.6926415873849
1169.0,369.0,780.9896147333508,809.9129447499347
1170.0,369.0,781.8438269471357,816.2585211951938
1171.0,369.0,785.0166151697653,809.4248234849148
1172.0,369.0,779.0371296732711,807.8384293736
1173.0,369.0,769.8848559541475,798.0760040732014
1174.0,369.0,757.1937030636293,797.9539737569464
1175.0,369.0,817.2326186610807,847.2542215239592
1176.0,369.0,807.1041024119171,821.749885426668
1177.0,369.0,813.0835879084112,834.6850989496961
1178.0,369.0,809.1786177882518,851.8913735416486
1179.0,369.0,800.758525966658,851.6473129091387
1180.0,369.0,796.2434042652236,851.0371613278637
1181.0,369.0,794.290919205144,847.7423427889792
1182.0,369.0,794.7790404701639,835.905402112246
1183.0,369.0,782.0878875796457,840.5425541299353
1184.0,369.0,779.525250938291,829.0717044019669
1185.0,369.0,769.5187650053825,832.6105835733614
1186.0,369.0,769.1526740566176,840.0544328649153
1187.0,369.0,772.691553228012,848.1084337377441
1188.0,369.0,775.4982505018767,862.874102004597
1189.0,369.0,779.525250938291,862.7520716883421
1190.0,369.0,781.3557056821157,847.4982821564693
1191.0,369.0,786.6030092810801,861.2877078932822
1192.0,369.0,781.2336753658608,850.6710703790988
1193.0,369.0,776.8405839806815,854.0879192342383
1194.0,369.0,786.480978964825,840.7866147624452
1195.0,369.0,786.2369183323151,831.8784016758315
1196.0,369.0,778.0608871432313,836.5155536935208
1197.0,369.0,775.1321595531117,828.339522504437
1198.0,369.0,773.7898260743069,825.8989161793373
1199.0,369.0,770.2509469029123,828.9496740857119
1200.0,369.0,772.3254622792471,804.7876714672254
1201.0,369.0,796.2434042652235,857.8708590381427
1202.0,369.0,782.4539785284105,857.8708590381427
1203.0,369.0,762.6850672951034,844.8136151988596
1204.0,369.0,757.9258849611591,863.1181626371069
1205.0,369.0,758.536036542434,870.3179512961509
1206.0,369.0,769.6407953216374,868.853587501091
1207.0,369.0,771.2271894329522,870.4399816124059
1208.0,369.0,777.4507355619562,874.5890123650753
1209.0,369.0,781.4777359983707,877.3957096389398
1210.0,369.0,779.647281254546,899.7272575136017
1211.0,369.0,776.4744930319165,890.452953478223
1212.0,369.0,772.447492595502,893.5037113845975
1213.0,369.0,768.1764315265776,889.842801896948
1214.0,369.0,763.9053704576532,886.5479833580636
1215.0,369.0,759.5122790724739,898.6289846673068
1216.0,369.0,774.3999776555818,882.2769222891392
1217.0,369.0,779.525250938291,883.619255767944
1218.0,369.0,779.525250938291,880.6905281778244
1219.0,369.0,782.3319482121556,883.7412860841989
1220.0,369.0,783.7963120072154,889.2326503156731
1221.0,369.0,782.8200694771756,892.2834082220477
1222.0,369.0,789.8978278199645,890.5749837944779
1223.0,369.0,787.7012821273748,886.3039227255535
1224.0,369.0,790.0198581362195,881.1786494428443
1225.0,369.0,792.0943735125542,878.3719521689798
1226.0,369.0,788.1894033923948,877.6397702714498
1227.0,369.0,795.5112223676937,872.1484060399756
1228.0,369.0,793.680767623869,881.5447403916093
1229.0,369.0,795.6332526839487,884.2294073492188
1230.0,369.0,793.436706991359,887.5242258881034
1231.0,369.0,795.9993436327136,892.4054385383026
1232.0,369.0,791.3621916150244,895.7002570771872
1233.0,369.0,798.6840105903233,897.8968027697769
1234.0,369.0,800.0263440691281,893.7477720171075
1235.0,369.0,796.9755861627535,901.0695909924065
1236.0,369.0,787.0911305461,900.9475606761514
1237.0,369.0,788.0673730761398,905.0965914288208
1238.0,369.0,781.9658572633907,909.2456221814903
1239.0,369.0,767.3222193127928,900.7035000436415
1240.0,369.0,806.982072095662,894.7240145471474
1241.0,369.0,811.6192241133514,898.6289846673068
1242.0,369.0,816.5004367635506,896.0663480259522
1243.0,369.0,808.9345571557418,891.1851353757529
1244.0,369.0,817.5987096098455,887.7682865206134
1245.0,369.0,819.4291643536702,904.4864398475459
1246.0,369.0,838.0998027406824,907.5371977539204
1247.0,369.0,837.4896511594076,922.0588053882633
1248.0,369.0,843.5911669721567,895.8222873934421
1249.0,369.0,836.1473176806028,895.0901054959122
1250.0,369.0,833.3406204067381,898.3849240347968
1251.0,369.0,841.394621279567,897.2866511885019
1252.0,369.0,836.6354389456227,900.3374090948764
1253.0,369.0,837.9777724244275,892.7715294870675
1254.0,369.0,828.0933168077739,921.3266234907334
1255.0,369.0,836.0252873643478,913.0285619853946
1256.0,369.0,825.7747407989293,911.6862285065898
1257.0,369.0,815.7682548660207,910.099834395275
1258.0,369.0,813.327648540921,913.6387135666695
1259.0,369.0,811.3751634808414,909.9778040790201
1260.0,369.0,800.148374385383,929.1365637310523
1261.0,369.0,843.8352276046667,924.133320764598
1262.0,369.0,853.9637438538302,950.2478084431643
1263.0,369.0,859.4551080853045,908.7575009164702
1264.0,369.0,856.8924714439498,912.1743497716097
1265.0,369.0,862.5058659916789,912.4184104041198
1266.0,369.0,867.1430180093682,909.9778040790201
1267.0,369.0,870.4378365482528,913.3946529341596
1268.0,369.0,872.1462609758225,921.5706841232434
1269.0,369.0,846.3978642460213,912.1743497716097
1270.0,369.0,823.9442860551045,906.3168945913706
1271.0,369.0,830.7779837653835,901.6797425736813
1272.0,369.0,821.5036797300048,894.6019842308923
1273.0,369.0,760.0004003374938,908.1473493351955
1274.0,369.0,770.2509469029123,907.7812583864305
1275.0,369.0,770.6170378516773,911.44216787408
1276.0,369.0,799.2941621715981,876.66352774141
1277.0,369.0,791.4842219312793,903.998318582526
1278.0,369.0,942.8018140874575,919.1300777981438
1279.0,369.0,919.3719933665009,904.486439847546
1280.0,369.0,904.6063250996481,920.9605325419685
1281.0,369.0,901.6775975095285,925.2315936108929
1282.0,369.0,894.8438997992495,917.2996230543191
1283.0,369.0,795.0218698050478,1356.7185893070368
1284.0,369.0,773.5312999599802,1302.5349185274515
1285.0,369.0,767.8157228735262,1322.425126788312
1286.0,369.0,756.1559456171598,1270.7563099267663
1287.0,369.0,753.8697147825781,1217.0298853140976
1288.0,369.0,747.0110222788331,1216.344016063723
1289.0,369.0,741.7526913592953,1222.2882162336352
1290.0,369.0,766.9012305396935,1232.1190088223364
1291.0,369.0,755.2414532833271,1184.794030546496
1292.0,369.0,758.2135533682832,1195.5393154690298
1293.0,369.0,850.5772790853822,1181.1360612111655
1294.0,369.0,756.8418148675343,1292.018256688376
1295.0,369.0,757.7563072013669,1253.8382017508623
1296.0,369.0,824.2856244876931,1341.4008427153396
1297.0,369.0,786.791438800554,1368.8356127303196
1298.0,369.0,887.3855955221469,1401.9859598317535
1299.0,369.0,907.4514508283235,1441.0961312566237
1300.0,369.0,884.9041704540087,1449.8332024016706
1301.0,369.0,906.3240868096077,1463.9252526356172
1302.0,369.0,924.3619111090595,1476.6080978461694
1303.0,369.0,955.9281036331001,1496.6188091783736
1304.0,369.0,951.1368065535582,1538.331277870856
1305.0,369.0,997.6405723255823,1565.3880143200333
1306.0,369.0,1034.5617439385226,1584.2713616335218
1307.0,369.0,1023.2881037513653,1599.7726168908632
1308.0,369.0,1033.152538915128,1653.6042487845395
1309.0,369.0,1079.9381456918309,1697.5714455144532
1310.0,369.0,1095.1575599444934,1699.8261735518847
1311.0,369.0,1176.6096102967053,1741.5386422443667
1312.0,369.0,1238.6146313260706,1774.232198787123
1313.0,369.0,1381.78979289413,1794.8065921286852
1314.0,369.0,1438.7216758392747,1810.3078473860267
1315.0,369.0,1473.3881194147834,1827.2183076667627
1316.0,369.0,1493.9625127563456,1821.0178055638262
1317.0,369.0,1501.008537873319,1810.3078473860267
1318.0,369.0,1602.753140562414,1848.0745420130038
1319.0,369.0,1586.9700443003937,1818.4812365217158
1320.0,369.0,1596.5526384594775,1831.4459227369466
1321.0,369.0,1598.807366496909,1833.9824917790572
1322.0,369.0,1602.753140562414,1835.9553788118096
1323.0,369.0,1552.8672827342427,1833.7006507743781
1324.0,369.0,1528.3471153271755,1837.6464248398834
1325.0,369.0,1624.1730569180133,1826.090943648047
1326.0,369.0,1631.2190820349865,1842.7195629241041
1327.0,369.0,1633.755651077097,1848.0745420130038
1328.0,369.0,1692.796086002735,1843.2150154490703
1329.0,369.0,1704.388966046958,1853.8316529632539
1330.0,369.0,1694.1384194815394,1869.5735637601465
1331.0,369.0,1704.510996363213,1849.1945009455644
1332.0,369.0,1672.7831141369174,1852.489319484449
1333.0,369.0,1663.508810101539,1855.6621077070786
1334.0,369.0,1659.3597793488696,1839.432075645166
1335.0,369.0,1659.9699309301445,1833.0864991999067
1336.0,369.0,1645.2042626632917,1853.587592330744
1337.0,369.0,1602.371621657793,1840.5303484914607
1338.0,335.0,1001.9414713282176,464.488401829058
1339.0,335.0,859.7379063664204,661.9457616103488
1340.0,335.0,839.500467811801,662.693211277139
1341.0,335.0,841.876185589735,673.8788824815786
1342.0,335.0,788.3996571694978,716.4715256487939
1343.0,335.0,767.0724588467214,730.3805680332133
1344.0,335.0,765.4033737605911,763.576815857361
1345.0,335.0,796.9305364986084,742.9914331284202
1346.0,335.0,754.8589397604433,912.5333723180911
1347.0,335.0,783.2913477724709,935.0987755022401
1348.0,335.0,797.7332058103262,928.6300265894507
1349.0,335.0,800.1401821499688,929.833514759272
1350.0,335.0,803.9010826806604,927.8778464833124
1351.0,335.0,818.7942487821987,927.5769744408572
1352.0,335.0,814.5820401878242,928.6300265894507
1353.0,335.0,817.289888569922,912.8342443605464
1354.0,335.0,824.3603815676221,928.3291545469954
1355.0,335.0,826.616921886037,923.6656378889379
1356.0,335.0,831.5813105865498,925.6213061648975
1357.0,335.0,872.359516103692,928.943746297751
1358.0,335.0,894.0809123970789,927.2353218701812
1359.0,335.0,855.3973021442496,920.5236544761572
1360.0,335.0,859.5463328969189,927.1132915539263
1361.0,335.0,855.1280604963079,1175.9157215030339
1362.0,335.0,853.1115939961775,1179.00995458082
1363.0,335.0,847.6184611165121,1180.887354425769
1364.0,335.0,855.1975938238986,1181.8955876758341
1365.0,335.0,849.9825942545959,1183.9120541759644
1366.0,335.0,857.1097603326428,1184.0163541673503
1367.0,335.0,970.0350439593556,1650.0163639860318
1368.0,335.0,979.3620772754705,1665.2104021300256
1369.0,335.0,985.0786460821215,1673.9356913612298
1370.0,335.0,996.361347674196,1699.2089429274765
1371.0,335.0,1287.0500512641472,1840.9497085333567
1372.0,335.0,1409.986084498772,1873.9583724435204
1373.0,335.0,1379.9926475523544,1878.2148667956521
1374.0,335.0,1422.7555675551675,1863.0696659613225
1375.0,335.0,1432.3574269076512,1864.3565130910367
1376.0,335.0,1439.8805332044424,1881.0855257773226
1377.0,335.0,1452.4520397793435,1881.8774317033003
1378.0,335.0,1465.91444052097,1882.0754081847947
1379.0,335.0,1473.4375468177611,1873.166466517542
1380.0,335.0,1484.4252415407063,1875.3442078139815
1381.0,335.0,1492.9382302449699,1885.2430318887068
1382.0,335.0,1525.5053614508158,1909.2971743902895
1383.0,335.0,1521.1498788579368,1910.8809862422454
1384.0,335.0,1533.1274559883543,1902.07103281574
1385.0,335.0,1533.1274559883543,1898.2104914265972
1386.0,335.0,1542.1353858963544,1894.7459030004434
1387.0,335.0,1544.8080683965302,1890.687385129806
1388.0,335.0,1546.0949155262444,1887.7177379073883
1389.0,335.0,1549.4605157116512,1893.3600676299818
1390.0,335.0,1553.321057100794,1900.487220963784
1391.0,335.0,1556.7856455269477,1901.9720445749927
1392.0,335.0,1558.9633868233873,1908.4062802235642
1393.0,335.0,1569.6541168240906,1891.182326333542
1394.0,335.0,1567.476375527651,1898.0125149451026
1395.0,335.0,1568.763222657365,1907.9113390198277
1396.0,335.0,1572.7227522872554,1906.03056244563
1397.0,335.0,1578.068117287607,1901.675079852751
1398.0,335.0,1584.304376454684,1906.2285389271244
1399.0,335.0,1589.7487296957827,1903.4568681862015
1400.0,335.0,1592.4214121959585,1905.4366330011464
1401.0,335.0,1589.7487296957827,1913.9496217054102
1402.0,335.0,1587.1750354363542,1912.266821612707
1403.0,335.0,1584.304376454684,1914.246586427652
1404.0,335.0,1583.8094352509477,1910.1880685570145
1405.0,335.0,1615.7826370123103,1903.0609152232125
1406.0,335.0,1611.6251309009256,1901.675079852751
1407.0,335.0,1606.279765900574,1908.3072919828169
1408.0,335.0,1611.328166178684,1916.3253394833444
1409.0,335.0,1620.4350843274312,1925.5312458728388
1410.0,335.0,1625.6814610870356,1922.1656456874323
1411.0,335.0,1619.1482371977168,1911.474915686729
1412.0,335.0,1620.9300255311673,1914.0486099461575
1413.0,335.0,1625.780449327783,1913.7516452239158
1414.0,335.0,1640.0347559953873,1916.3253394833444
1415.0,335.0,1629.83896719842,1901.0811504082674
1416.0,335.0,1626.6713434945082,1905.634609482641
1417.0,335.0,1624.3946139573213,1906.9214566123553
1418.0,335.0,1621.5239549756511,1904.446750593674
1419.0,335.0,1624.4936021980686,1901.4771033712564
1420.0,335.0,1644.7861915512556,1896.1317383709047
1421.0,335.0,1648.844709421893,1906.6244918901136
1422.0,335.0,1652.804239051783,1898.0125149451026
1423.0,335.0,1701.1105972046464,1910.3860450385089
1424.0,335.0,1688.3411141482507,1918.305104298289
1425.0,335.0,1688.6380788704926,1906.0305624456298
1426.0,335.0,1658.0507124795913,1901.2791268897618
1427.0,335.0,1677.9473488697893,1900.0912680007946
1428.0,335.0,1714.1770449832836,1918.0081395760474
1429.0,335.0,1732.8858224845144,1904.9416917974102
1430.0,292.0,2636.5261355572056,1330.0792736783806
1431.0,292.0,2642.543576406312,1318.6461360650783
1432.0,292.0,2639.835728024214,1317.1417758528019
1433.0,292.0,2648.1097091917354,1320.3009322985827
1434.0,292.0,2630.3582586868715,1278.0284103336103
1435.0,292.0,2615.7659646277884,1280.4353866732529
1436.0,292.0,2617.5711968825203,1301.0451215814421
1437.0,292.0,2583.422220063841,1330.8314537845188
1438.0,292.0,2583.873528127524,1338.0523828034463
1439.0,292.0,2530.502029155192,1180.552769626327
1440.0,292.0,2330.356095906232,1149.5100912505002
1441.0,292.0,2323.123393866334,1171.2081973701943
1442.0,292.0,2341.6687837122267,1158.4118783765284
1443.0,292.0,2336.290620656918,1161.3791407518713
1444.0,292.0,2339.0724291338015,1169.168204487146
1445.0,292.0,2332.7669965861983,1131.3356092015254
1446.0,292.0,2328.501556921643,1139.1246729368004
1447.0,292.0,2323.679755561711,1131.7065169984432
1448.0,292.0,2370.785045770278,1173.8045519486193
1449.0,292.0,2365.22142881651,1177.14272212088
1450.0,292.0,2337.9597057430483,1196.615381459067
1451.0,292.0,2314.7779684356824,1194.7608424744778
1452.0,292.0,2322.752486069416,1207.5571614681437
1453.0,292.0,2325.7197484447593,1202.178998412835
1454.0,292.0,2332.0251809923625,1218.1280336803025
1455.0,292.0,2336.105166758459,1174.9172753393727
1456.0,292.0,2319.9706775925324,1125.030176653922
1457.0,292.0,2357.4323650812353,1225.1752818217415
1458.0,292.0,2312.6016804285364,1166.5269334774716
1459.0,292.0,2312.9016969498102,1150.0260248074162
1460.0,292.0,2184.2871925467393,1273.1213636745997
1461.0,292.0,2030.369202133812,1395.417161262983
1462.0,292.0,2030.369202133812,1288.96662354756
1463.0,292.0,2015.7183441555574,1303.988389322733
1464.0,292.0,2025.9183085707978,1310.664729667254
1465.0,292.0,2045.020060112067,1264.3012550525227
1466.0,292.0,2024.0637695862088,1238.8940709636502
1467.0,292.0,1975.6603020884293,1245.0140496127947
1468.0,292.0,1989.7547983713075,1250.2067587696447
1469.0,292.0,1984.005727519081,1259.8503614895087
1470.0,292.0,1996.4311387158289,1217.3814187424148
1471.0,292.0,1972.1366780177095,1234.072269603718
1472.0,292.0,2009.4129116079534,1315.857438824104
1473.0,292.0,2050.7691309642937,1237.9668014713554
1474.0,292.0,2054.1073011365547,1233.886815705259
1475.0,292.0,2069.6854286071043,1245.3849574097126
1476.0,292.0,2083.9653787884417,1275.7993967569762
1477.0,292.0,2112.525279151116,1283.4030065937923
1478.0,292.0,2087.67445675762,1219.606865523922
1479.0,292.0,2610.549184243224,846.5283927230397
1480.0,292.0,2599.416918672377,848.183188956544
1481.0,292.0,2594.1516579294093,846.6788287442673
1482.0,292.0,2584.975060634522,845.926648638129
1483.0,292.0,2600.469970820971,856.1562980816099
1484.0,292.0,2584.8246246132944,872.7042604166525
1485.0,292.0,2577.001951509456,875.4121087987503
1486.0,292.0,2608.3813724044085,772.7511242272432
