label,y,x,area,mean_intensity,max_intensity,median_intensity,fold_change,is_positive,background_value
2,1154.7592592592594,1493.1574074074074,108.0,39.24074172973633,125.0,36.0,0.9648577718290017,False,40.669975
3,1174.655737704918,1277.327868852459,61.0,49.62295150756836,167.0,50.0,1.2201372428923434,False,40.669975
4,1177.623595505618,1750.6966292134832,178.0,48.83707809448242,157.0,43.5,1.200814058954789,False,40.669975
5,1183.396,1796.616,500.0,47.948001861572266,269.0,45.0,1.1789533072141625,False,40.669975
6,1196.9565217391305,1774.9239130434783,92.0,48.85869598388672,124.0,49.0,1.2013456031530598,False,40.669975
7,1207.9156626506024,1681.0361445783133,249.0,49.220882415771484,142.0,46.0,1.2102511023421898,False,40.669975
9,1208.982142857143,1740.607142857143,56.0,46.92856979370117,129.0,45.0,1.1538873448959281,False,40.669975
10,1213.8108108108108,1768.2216216216216,185.0,49.037837982177734,140.0,46.0,1.2057503758890726,False,40.669975
12,1221.8374384236454,1354.8866995073893,406.0,44.49014663696289,159.0,40.0,1.0939309977404448,False,40.669975
13,1219.9380281690142,1452.892957746479,355.0,31.81690216064453,119.0,29.0,0.7823191910248101,False,40.669975
14,1222.7906976744187,1331.9577167019027,473.0,49.93234634399414,170.0,47.0,1.2277446937031662,False,40.669975
15,1222.0765714285715,1419.992,875.0,38.6091423034668,131.0,36.0,0.9493279018964694,False,40.669975
16,1223.6024096385543,1673.289156626506,83.0,53.16867446899414,142.0,54.0,1.3073200586415092,False,40.669975
17,1221.4979338842975,1392.3161157024792,968.0,42.860538482666016,147.0,40.0,1.0538619260715536,False,40.669975
18,1223.3403846153847,1307.1846153846154,520.0,49.46923065185547,147.0,46.0,1.216357529365308,False,40.669975
19,1233.3312883435583,1438.1472392638036,163.0,34.81595230102539,102.0,31.0,0.8560603260925639,False,40.669975
20,1238.068376068376,1672.2307692307693,117.0,45.81196594238281,107.0,46.0,1.1264321068828735,False,40.669975
21,1236.2441860465117,1145.5348837209303,86.0,44.3139533996582,138.0,38.5,1.0895987296215597,False,40.669975
23,1239.7368421052631,1527.4736842105262,57.0,41.26315689086914,100.0,36.0,1.014585246389073,False,40.669975
24,1239.8214285714287,1537.982142857143,56.0,42.19643020629883,123.0,39.0,1.0375327232190175,False,40.669975
25,1241.640625,1356.234375,64.0,42.515625,120.0,35.5,1.0453811369812005,False,40.669975
26,1244.0916030534352,1301.5610687022902,524.0,49.25190734863281,173.0,45.0,1.21101394846263,False,40.669975
27,1250.5093167701864,1404.6894409937888,322.0,41.00310516357422,137.0,36.5,1.0081910520110418,False,40.669975
28,1244.0582278481013,1265.2080168776372,2370.0,56.78017044067383,2110.0,47.0,1.3961201119178643,False,40.669975
29,1243.7590221187427,1576.0267753201397,859.0,44.149009704589844,182.0,40.0,1.0855430670859991,False,40.669975
30,1249.240425531915,1771.3234042553192,940.0,49.349998474121094,179.0,46.0,1.2134258290898279,False,40.669975
31,1247.8214285714287,1730.9464285714287,56.0,51.875,118.0,49.0,1.2755109793375912,False,40.669975
32,1249.651376146789,1378.834862385321,109.0,43.587154388427734,116.0,43.0,1.071728076732959,False,40.669975
33,1252.4114583333333,1538.4114583333333,192.0,40.70833206176758,118.0,37.5,1.0009431228010606,False,40.669975
35,1253.9612403100775,1425.7751937984497,129.0,39.356590270996094,164.0,38.0,0.9677062746977646,False,40.669975
36,1257.1800947867298,1450.2037914691944,211.0,31.829383850097656,111.0,29.0,0.7826260928453044,False,40.669975
37,1259.283185840708,1517.4070796460178,113.0,38.72566223144531,109.0,36.0,0.9521929129316159,False,40.669975
38,1259.2660550458716,1617.954128440367,109.0,43.91743087768555,149.0,44.0,1.0798489690368704,False,40.669975
39,1262.6020761245675,1387.1314878892733,289.0,42.22145462036133,133.0,40.0,1.0381480276024047,False,40.669975
40,1263.225,1473.4125,80.0,24.075000762939453,66.0,22.0,0.5919600539892078,False,40.669975
41,1268.2544642857142,1437.674107142857,224.0,36.68303680419922,112.0,34.0,0.9019685050448394,False,40.669975
42,1262.13704496788,1321.619914346895,934.0,48.4443244934082,202.0,44.0,1.1911569692132076,False,40.669975
43,1265.1156462585034,1363.561224489796,588.0,45.670066833496094,157.0,44.0,1.1229430683991488,False,40.669975
44,1268.3288590604027,1592.4442953020134,745.0,46.395973205566406,183.0,43.0,1.1407917729301713,False,40.669975
45,1273.2929292929293,1414.8989898989898,99.0,37.79798126220703,120.0,34.0,0.9293829416239346,False,40.669975
46,1272.3581081081081,1458.3513513513512,148.0,30.216217041015625,96.0,29.0,0.7429612836600106,False,40.669975
47,1269.250909090909,1540.749090909091,275.0,40.352725982666016,133.0,37.0,0.9921994224017694,False,40.669975
48,1274.9508771929825,1285.638596491228,285.0,48.30526351928711,172.0,45.0,1.1877377152510131,False,40.669975
49,1274.6184210526317,1509.3815789473683,76.0,37.31578826904297,111.0,33.0,0.9175267014901434,False,40.669975
50,1273.7362637362637,1683.0549450549452,91.0,46.19780349731445,154.0,45.0,1.1359191437514244,False,40.669975
51,1283.3650793650793,1779.313492063492,252.0,49.02381134033203,187.0,46.0,1.2054054865266162,False,40.669975
52,1282.8,1342.4,105.0,49.43809509277344,137.0,49.0,1.2155919631492704,False,40.669975
53,1285.6462585034014,1535.1972789115646,294.0,41.00340270996094,123.0,38.0,1.0081983681302344,False,40.669975
54,1285.981981981982,1516.4324324324325,111.0,35.225223541259766,114.0,35.0,0.866123554245741,False,40.669975
55,1285.797142857143,1323.9942857142858,350.0,49.36571502685547,149.0,45.0,1.213812270257443,False,40.669975
56,1286.6942148760331,1378.685950413223,121.0,41.76033020019531,156.0,36.0,1.0268098249852975,False,40.669975
57,1290.3333333333333,1550.5416666666667,120.0,45.29166793823242,115.0,43.0,1.1136389345104156,False,40.669975
58,1289.9157212317666,1572.9546191247973,617.0,44.596435546875,167.0,41.0,1.0965444468310417,False,40.669975
59,1287.9084507042253,1398.661971830986,142.0,46.04929733276367,160.0,40.5,1.1322676499030615,False,40.669975
60,1295.7276507276508,1453.2037422037422,481.0,32.482330322265625,121.0,30.0,0.7986808474317139,False,40.669975
61,1293.3083333333334,1603.1,120.0,48.58333206176758,134.0,46.5,1.1945749100258034,False,40.669975
62,1295.0746268656717,1628.2388059701493,67.0,47.0,117.0,43.0,1.155643682484179,False,40.669975
63,1298.8534322820037,1645.60853432282,539.0,49.0185546875,165.0,46.0,1.2052762350875448,False,40.669975
64,1299.362962962963,1415.2444444444445,135.0,39.20000076293945,122.0,35.0,0.9638560262779994,False,40.669975
65,1301.1938775510205,1367.857142857143,196.0,46.04081726074219,127.0,43.0,1.1320591405060692,False,40.669975
66,1299.516129032258,1531.0645161290322,93.0,41.56989288330078,130.0,39.0,1.0221273211091613,False,40.669975
67,1299.0367647058824,1347.5,136.0,45.07352828979492,137.0,42.5,1.1082752811781578,False,40.669975
68,1305.7142857142858,1519.4285714285713,63.0,38.06349182128906,113.0,36.0,0.9359113586502323,False,40.669975
69,1305.7132352941176,1539.7058823529412,136.0,43.610294342041016,165.0,41.0,1.0722970456947922,False,40.669975
70,1313.7116564417179,1463.8588957055215,163.0,27.012269973754883,73.0,24.0,0.6641821094622746,False,40.669975
71,1316.9458598726114,1655.187898089172,314.0,50.57324981689453,188.0,46.0,1.2435033330550707,False,40.669975
73,1316.5526315789473,1544.9122807017543,114.0,38.77193069458008,124.0,37.5,0.9533305694660827,False,40.669975
74,1317.6534653465346,1636.3960396039604,101.0,46.405941009521484,137.0,45.0,1.1410368629231273,False,40.669975
75,1319.92,1402.8,75.0,41.01333236694336,125.0,39.0,1.0084425201591913,False,40.669975
76,1315.6530612244899,1591.2112845138056,833.0,44.84634017944336,164.0,40.0,1.1026891427853216,False,40.669975
77,1319.8333333333333,1376.4615384615386,78.0,44.846153259277344,116.0,44.0,1.1026845467617261,False,40.669975
78,1325.4833333333333,1571.4476190476191,420.0,42.595237731933594,166.0,39.0,1.0473386678472507,False,40.669975
79,1327.6970954356846,1616.5145228215767,964.0,47.241703033447266,208.0,42.0,1.1615867161786597,False,40.669975
80,1322.030534351145,1417.496183206107,131.0,37.04580307006836,111.0,38.0,0.9108882612867553,False,40.669975
81,1330.1920903954801,1442.3983050847457,354.0,35.51694869995117,116.0,33.0,0.8732965401321966,False,40.669975
82,1329.140625,1637.921875,64.0,48.828125,141.0,44.5,1.2005939188042085,False,40.669975
83,1333.3096774193548,1660.1806451612904,155.0,51.361289978027344,131.0,46.0,1.2628797933477718,False,40.669975
84,1333.3932584269662,1487.3820224719102,89.0,32.2696647644043,105.0,28.0,0.793451791933322,False,40.669975
85,1333.264705882353,1526.5441176470588,68.0,38.39706039428711,120.0,36.5,0.9441131972472633,False,40.669975
86,1329.28025477707,1541.656050955414,314.0,40.01592254638672,148.0,38.0,0.9839180444576177,False,40.669975
89,1341.2628865979382,1594.118556701031,194.0,43.273197174072266,143.0,40.0,1.0640084454278476,False,40.669975
90,1337.5123966942149,1391.39173553719,605.0,41.727272033691406,171.0,38.0,1.025996985383707,False,40.669975
91,1345.2857142857142,1544.8492063492063,126.0,40.515872955322266,113.0,37.5,0.996210906832974,False,40.669975
92,1348.3076923076924,1046.6615384615384,65.0,50.70769119262695,232.0,42.0,1.2468089995769782,False,40.669975
93,1351.8736842105263,1448.8736842105263,95.0,35.47368240356445,115.0,33.0,0.8722327013644562,False,40.669975
94,1349.6171617161717,1522.052805280528,303.0,37.907588958740234,126.0,36.0,0.9320779935824504,False,40.669975
95,1350.4727272727273,1361.6909090909091,55.0,43.54545593261719,121.0,42.0,1.07070278828558,False,40.669975
96,1349.4881516587677,1428.004739336493,211.0,39.35544967651367,135.0,34.0,0.9676782295741925,False,40.669975
98,1354.6782608695653,1554.7391304347825,115.0,44.008697509765625,137.0,44.0,1.0820930479046353,False,40.669975
99,1354.940652818991,1644.9970326409496,337.0,49.55489730834961,161.0,44.0,1.2184639151180099,False,40.669975
100,1360.2061965811965,1396.787393162393,936.0,41.271366119384766,138.0,39.0,1.014787096241672,False,40.669975
101,1365.7333333333333,1842.55,240.0,45.52083206176758,158.0,39.0,1.1192736594384034,False,40.669975
102,1362.9295774647887,848.0704225352113,71.0,51.36619567871094,165.0,49.0,1.2630004155180516,False,40.669975
103,1366.7111111111112,1561.4888888888888,135.0,46.57777786254883,162.0,41.0,1.145262015553319,False,40.669975
104,1364.0969387755101,1578.4183673469388,196.0,44.229591369628906,144.0,40.5,1.0875244222376257,False,40.669975
105,1361.4295302013422,1827.4429530201342,149.0,43.436241149902344,135.0,40.0,1.0680173973562548,False,40.669975
106,1371.420634920635,858.6666666666666,126.0,48.33333206176758,141.0,47.0,1.1884278691615258,False,40.669975
107,1369.9622641509434,1483.2075471698113,53.0,29.69811248779297,83.0,28.0,0.7302220442174988,False,40.669975
108,1376.9693251533743,1655.3573619631902,652.0,50.99079895019531,182.0,45.0,1.253770099396045,False,40.669975
109,1379.74375,1532.84625,800.0,38.65250015258789,143.0,35.0,0.9503939917778076,False,40.669975
110,1377.9238095238095,1558.5619047619048,105.0,40.57143020629883,104.0,37.0,0.9975769576012133,False,40.669975
111,1378.3846153846155,1436.380893300248,806.0,36.565757751464844,133.0,33.0,0.8990848285261115,False,40.669975
112,1384.3333333333333,865.7777777777778,72.0,41.05555725097656,100.0,39.0,1.009480752509757,False,40.669975
113,1384.6497175141244,1370.3040575243965,1947.0,44.28248596191406,165.0,40.0,1.0888250031187303,False,40.669975
115,1397.179054054054,1508.287162162162,296.0,35.68581008911133,115.0,33.0,0.8774485315704612,False,40.669975
116,1399.0533333333333,1543.2106666666666,375.0,42.04533386230469,160.0,38.0,1.0338175416151176,False,40.669975
117,1402.8648648648648,1487.0675675675675,74.0,32.10810852050781,79.0,29.5,0.7894794206008785,False,40.669975
118,1403.3761467889908,1410.3761467889908,109.0,42.44954299926758,126.0,41.0,1.0437563019456186,False,40.669975
120,1405.4736842105262,1423.7894736842106,76.0,33.22368240356445,76.0,34.0,0.8169093335859583,False,40.669975
121,1403.5021459227469,864.6824034334763,233.0,45.5922737121582,147.0,43.0,1.121030278415854,False,40.669975
122,1405.024844720497,1672.7158385093169,644.0,47.99534225463867,181.0,44.0,1.1801173205370032,False,40.669975
123,1417.6861924686193,1511.3347280334729,239.0,35.041839599609375,137.0,31.0,0.861614479913032,False,40.669975
124,1422.5590863952334,1375.9414101290963,1007.0,44.39026641845703,180.0,41.0,1.0914751266016909,False,40.669975
125,1415.9159061277705,1457.8331160365058,1534.0,31.500652313232422,303.0,28.0,0.774543188083355,False,40.669975
127,1419.103448275862,1492.632183908046,174.0,34.94827651977539,113.0,34.0,0.8593139356125233,False,40.669975
128,1423.5402843601896,1660.850710900474,422.0,48.649288177490234,161.0,45.0,1.1961966497801881,False,40.669975
129,1422.6959064327486,1536.0380116959063,342.0,39.91520309448242,152.0,36.5,0.9814415381108842,False,40.669975
130,1420.5714285714287,1406.1380145278451,413.0,41.12590789794922,124.0,39.0,1.0112105457168343,False,40.669975
131,1432.5469613259668,1428.4419889502763,543.0,37.94843292236328,127.0,36.0,0.93308227163625,False,40.669975
132,1433.9857142857143,828.8857142857142,70.0,53.05714416503906,160.0,41.0,1.3045777332974406,False,40.669975
134,1437.3478260869565,1501.5760869565217,184.0,33.2717399597168,114.0,30.0,0.8180909806319814,False,40.669975
135,1444.7168674698796,1527.120481927711,498.0,38.138553619384766,133.0,36.0,0.9377569904111941,False,40.669975
136,1448.6229838709678,1406.5987903225807,496.0,38.788307189941406,116.0,36.0,0.9537332374108817,False,40.669975
137,1452.2,1495.8235294117646,255.0,35.04705810546875,106.0,32.0,0.8617427933881042,False,40.669975
138,1452.2753623188405,1469.2608695652175,69.0,23.898550033569336,62.0,22.0,0.587621454613329,False,40.669975
139,1448.4607329842931,1452.4031413612565,191.0,168.5706787109375,3883.0,34.0,4.144843402220536,True,40.669975
140,1454.530864197531,1036.6543209876543,81.0,35.74074172973633,110.0,31.0,0.878799199729116,False,40.669975
141,1453.5401459854015,1547.4817518248176,274.0,40.56569290161133,150.0,36.0,0.9974358878157539,False,40.669975
142,1456.1377245508982,1436.7784431137725,167.0,33.90419006347656,92.0,33.0,0.8336417671616928,False,40.669975
143,1464.743848325938,1306.2944735780557,2479.0,61.0689811706543,4083.0,44.0,1.5015740911832323,False,40.669975
144,1456.9238643634037,1351.9309021113245,1563.0,51.81509780883789,1251.0,41.0,1.2740380944698582,False,40.669975
145,1463.7699956766105,1649.4824902723735,2313.0,46.2961540222168,160.0,43.0,1.138337402533816,False,40.669975
146,1469.3985507246377,572.8478260869565,138.0,36.68840408325195,94.0,33.5,0.9021004765795079,False,40.669975
147,1466.2718894009217,1459.1612903225807,434.0,32.0184326171875,308.0,28.5,0.7872744548318746,False,40.669975
148,1474.1153846153845,593.7923076923076,130.0,37.77692413330078,101.0,34.5,0.9288651854964503,False,40.669975
149,1475.0381165919282,1043.9977578475336,446.0,35.596412658691406,142.0,33.0,0.8752504129386506,False,40.669975
150,1478.0,608.3611111111111,72.0,42.08333206176758,115.0,39.0,1.0347518475545872,False,40.669975
151,1480.2089552238806,1574.2686567164178,67.0,42.47761154174805,150.0,38.0,1.0444464558561313,False,40.669975
152,1473.7455113192818,1406.096799375488,1281.0,36.648712158203125,138.0,34.0,0.90112452503848,False,40.669975
153,1486.4801641586866,1250.0127678978567,2193.0,49.96306610107422,183.0,46.0,1.228500036111614,False,40.669975
154,1494.853076923077,1283.06,1300.0,48.27692413330078,179.0,45.0,1.1870409017961072,False,40.669975
155,1484.979079497908,1345.7092050209205,478.0,46.510459899902344,178.0,42.0,1.1436067904841676,False,40.669975
156,1490.9137931034484,1571.1120689655172,116.0,44.879310607910156,131.0,42.0,1.1034998250697141,False,40.669975
157,1491.7441860465117,1449.3333333333333,129.0,30.829458236694336,93.0,29.0,0.7580397584179924,False,40.669975
158,1501.1997607655503,1627.3056220095693,1672.0,47.2320556640625,189.0,45.0,1.1613495050832958,False,40.669975
159,1496.142857142857,1324.702380952381,84.0,48.238094329833984,114.0,40.5,1.1860861482414582,False,40.669975
160,1498.3846153846155,1723.4717948717948,195.0,50.47179412841797,180.0,46.0,1.2410087240031553,False,40.669975
161,1504.2105809128632,1408.7437759336099,964.0,38.402488708496094,131.0,35.0,0.9442466695243303,False,40.669975
162,1502.2629213483146,1595.2516853932584,890.0,44.396629333496094,174.0,41.0,1.091631578996735,False,40.669975
163,1501.6567164179105,1130.5223880597016,67.0,46.343284606933594,137.0,39.0,1.1394962570546616,False,40.669975
164,1502.34,1061.28,50.0,40.91999816894531,134.0,36.0,1.006147603642677,False,40.669975
165,1505.9241706161138,954.4454976303317,211.0,33.80094909667969,110.0,30.0,0.8311032613946212,False,40.669975
166,1505.2569444444443,1573.1458333333333,144.0,45.77777862548828,164.0,42.0,1.1255915035469108,False,40.669975
167,1507.517857142857,1094.75,56.0,42.89285659790039,175.0,40.5,1.0546565691715621,False,40.669975
168,1508.0,1218.7422680412371,97.0,47.47422790527344,133.0,47.0,1.167304075734965,False,40.669975
169,1512.8578660436137,1363.6347352024923,2568.0,45.93107604980469,216.0,43.0,1.1293608056735567,False,40.669975
170,1514.5905511811025,1727.023622047244,127.0,49.19684982299805,140.0,43.0,1.2096601850227784,False,40.669975
171,1511.164705882353,1048.8752941176472,425.0,40.31294250488281,266.0,35.0,0.9912212197471436,False,40.669975
172,1514.061776061776,1321.081081081081,259.0,48.34749221801758,138.0,47.0,1.188776041397979,False,40.669975
173,1518.7701149425288,937.6781609195402,261.0,38.34865951538086,116.0,36.0,0.9429231085252486,False,40.669975
174,1515.0149253731342,1433.347014925373,268.0,35.05596923828125,123.0,33.0,0.8619619017782859,False,40.669975
175,1523.7101449275362,950.3623188405797,138.0,35.91304397583008,124.0,35.0,0.8830357955200964,False,40.669975
176,1519.0105263157895,1160.7473684210527,95.0,43.87368392944336,175.0,40.0,1.0787733119227418,False,40.669975
177,1523.75,1230.3660714285713,224.0,51.25893020629883,176.0,46.5,1.2603629545490784,False,40.669975
178,1527.702479338843,1570.5289256198348,121.0,46.71074295043945,141.0,43.0,1.1485313828684627,False,40.669975
179,1526.3333333333333,1071.7988505747126,174.0,39.701148986816406,116.0,33.5,0.9761783407229264,False,40.669975
180,1529.7865168539327,1093.2247191011236,89.0,47.28089904785156,136.0,48.0,1.1625504741876997,False,40.669975
181,1529.4075471698113,1134.2264150943397,265.0,46.237735748291016,164.0,44.0,1.1369010044656467,False,40.669975
182,1528.98224852071,1729.396449704142,169.0,48.153846740722656,159.0,46.0,1.1840146547495214,False,40.669975
183,1533.736220472441,1592.6062992125985,254.0,44.07480239868164,153.0,39.0,1.0837184457186164,False,40.669975
184,1538.8648648648648,1312.068607068607,481.0,48.580039978027344,175.0,44.0,1.194493963732684,False,40.669975
185,1533.7628865979382,1542.5360824742268,97.0,40.57732009887695,141.0,36.0,0.9977217792426691,False,40.669975
186,1538.975,768.1125,80.0,52.0625,163.0,47.5,1.2801212599857992,False,40.669975
187,1535.7,1606.3454545454545,110.0,50.563636779785156,141.0,46.0,1.2432669661273061,False,40.669975
188,1536.2307692307693,1063.5076923076922,65.0,43.89230728149414,126.0,41.0,1.0792312259470858,False,40.669975
189,1535.3709677419354,1190.22311827957,372.0,52.88172149658203,189.0,47.0,1.3002644120513367,False,40.669975
191,1537.029702970297,1168.8861386138615,202.0,43.594058990478516,141.0,39.5,1.0718978482167898,False,40.669975
192,1539.5230769230768,1578.6461538461538,65.0,41.661537170410156,97.0,41.0,1.024380685820517,False,40.669975
193,1539.8549222797928,1118.9533678756477,193.0,45.601036071777344,167.0,45.0,1.1212457287464392,False,40.669975
194,1540.0996015936255,1409.5498007968129,251.0,38.72111511230469,141.0,37.0,0.9520811076229272,False,40.669975
195,1542.1538461538462,1442.5,52.0,31.423076629638672,76.0,28.5,0.7726357444948548,False,40.669975
196,1536.2908827785818,1273.0180897250361,1382.0,49.01881408691406,201.0,45.0,1.2052826132427386,False,40.669975
197,1543.7320754716982,1394.0490566037736,265.0,42.0037727355957,186.0,39.0,1.0327956298381356,False,40.669975
199,1550.0484210526315,1203.8526315789475,475.0,46.54526138305664,203.0,43.0,1.1444624950405153,False,40.669975
201,1547.5862068965516,910.0,145.0,46.24827575683594,213.0,35.0,1.1371601639185884,False,40.669975
202,1550.7222222222222,1589.5444444444445,90.0,47.36666488647461,133.0,46.0,1.1646592986467994,False,40.669975
203,1543.3006329113923,1693.5632911392406,316.0,46.867088317871094,148.0,45.5,1.152375628318634,False,40.669975
204,1551.978494623656,485.3333333333333,93.0,32.655914306640625,94.0,28.0,0.8029489588130628,False,40.669975
205,1548.775956284153,1040.983606557377,183.0,126.03825378417969,2942.0,36.0,3.099049185894147,True,40.669975
206,1551.5,1573.8260869565217,92.0,44.934783935546875,120.0,42.0,1.1048638123171557,False,40.669975
207,1553.0858806404658,1616.7583697234352,687.0,47.355167388916016,153.0,44.0,1.1643765962974808,False,40.669975
208,1548.4766355140187,1710.7757009345794,107.0,48.00934600830078,158.0,45.0,1.1804616471210603,False,40.669975
209,1548.80694980695,1426.7297297297298,259.0,36.36293411254883,129.0,33.0,0.8940977677394786,False,40.669975
210,1550.96,1731.5466666666666,75.0,47.06666564941406,177.0,43.0,1.1572828683689462,False,40.669975
211,1553.4019607843138,1365.7671568627452,408.0,43.40441131591797,151.0,41.0,1.0672347601954342,False,40.669975
212,1560.8414239482202,1671.7184466019417,309.0,51.339805603027344,203.0,47.0,1.262351532023498,False,40.669975
213,1561.240506329114,759.0126582278481,79.0,51.64556884765625,138.0,45.0,1.2698696886616099,False,40.669975
214,1562.4752475247524,1729.3069306930693,101.0,47.049503326416016,195.0,40.0,1.1568608783657666,False,40.669975
215,1565.0166666666667,974.6166666666667,120.0,22.433332443237305,90.0,21.5,0.5515944450020119,False,40.669975
216,1561.823834196891,1291.3626943005181,193.0,52.098445892333984,141.0,51.0,1.2810051034621188,False,40.669975
217,1563.5873684210526,1700.2715789473684,475.0,46.77473831176758,186.0,44.0,1.1501049112732955,False,40.669975
219,1565.516129032258,474.241935483871,62.0,35.91935348510742,128.0,33.0,0.8831909347655418,False,40.669975
220,1562.6043165467627,1327.4874100719423,556.0,47.338130950927734,157.0,45.0,1.163957701575498,False,40.669975
221,1573.3055555555557,1590.6944444444443,72.0,43.93055725097656,143.0,40.5,1.0801717224489489,False,40.669975
222,1575.5045045045044,919.8018018018018,222.0,39.193695068359375,121.0,35.5,0.9637009808289538,False,40.669975
223,1573.13698630137,1439.0958904109589,73.0,34.75342559814453,116.0,29.0,0.8545229093016952,False,40.669975
225,1575.3099824868652,899.3187390542907,571.0,41.619964599609375,162.0,39.0,1.0233584926543349,False,40.669975
226,1572.0843949044586,1027.0573248407643,628.0,32.76273727416992,116.0,30.0,0.8055755393996468,False,40.669975
227,1581.057934508816,1049.214105793451,397.0,36.79848861694336,117.0,34.0,0.904807253088012,False,40.669975
228,1581.534131736527,1357.9604790419162,835.0,43.9245491027832,203.0,41.0,1.080023993119096,False,40.669975
229,1577.4397163120568,1608.1170212765958,282.0,45.308509826660156,153.0,41.5,1.1140530456160032,False,40.669975
230,1578.0588235294117,1560.7254901960785,102.0,42.72549057006836,111.0,38.0,1.0505413459220607,False,40.669975
231,1583.6508042895443,1406.3760053619303,1492.0,40.52010726928711,152.0,37.0,0.9963150208368703,False,40.669975
233,1583.6148148148147,954.1481481481482,135.0,30.318517684936523,77.0,28.0,0.7454766686145052,False,40.669975
234,1584.71974522293,1626.7961783439491,157.0,44.23566818237305,132.0,40.0,1.0876738399026769,False,40.669975
235,1585.2527472527472,456.02197802197804,91.0,40.72527313232422,136.0,39.0,1.0013596726130458,False,40.669975
236,1582.8081752604862,1861.5153620090837,3743.0,44.701576232910156,186.0,41.0,1.099129663205267,False,40.669975
237,1596.3037037037036,1544.9333333333334,135.0,84.63703918457031,851.0,43.0,2.081069353996055,True,40.669975
238,1592.8853868194842,1641.9914040114613,349.0,48.896846771240234,182.0,46.0,1.2022836609485255,False,40.669975
239,1595.2063492063492,949.015873015873,63.0,32.9523811340332,88.0,31.0,0.8102385336246024,False,40.669975
240,1592.766304347826,1614.0923913043478,184.0,45.755435943603516,150.0,42.5,1.125042138032658,False,40.669975
242,1595.3979328165374,980.7235142118863,387.0,23.723514556884766,85.0,23.0,0.5833176537018157,False,40.669975
243,1597.1772151898733,1059.3227848101267,158.0,39.86075973510742,113.0,38.0,0.9801028758914175,False,40.669975
244,1598.828282828283,445.5050505050505,99.0,41.49494934082031,116.0,39.0,1.0202845970365966,False,40.669975
245,1599.367403314917,1031.2900552486187,362.0,34.701656341552734,109.0,31.0,0.853249998358563,False,40.669975
246,1596.012111637704,2366.290152711954,1899.0,47.626644134521484,162.0,44.0,1.1710517108932326,False,40.669975
248,1604.7444444444445,877.2666666666667,90.0,43.344444274902344,142.0,37.0,1.0657602807889028,False,40.669975
249,1603.0,966.1296296296297,108.0,30.370370864868164,84.0,26.5,0.7467516430784353,False,40.669975
250,1604.3967611336031,1006.9595141700405,494.0,28.698381423950195,97.0,27.0,0.7056404934065821,False,40.669975
251,1608.8035714285713,740.1071428571429,56.0,48.26785659790039,169.0,39.0,1.1868179477535292,False,40.669975
252,1608.3978494623657,905.1827956989247,93.0,43.86021423339844,131.0,40.0,1.0784421168346716,False,40.669975
253,1609.92,436.73333333333335,75.0,38.77333450317383,117.0,32.0,0.9533650865412484,False,40.669975
254,1613.5862068965516,1379.947261663286,493.0,43.38539505004883,155.0,39.0,1.0667671851418998,False,40.669975
255,1611.28125,1537.328125,64.0,41.140625,119.0,35.5,1.011572412227674,False,40.669975
256,1620.421875,736.4375,64.0,47.296875,109.0,44.5,1.1629432935105084,False,40.669975
257,1619.3870967741937,428.2741935483871,62.0,43.83871078491211,132.0,39.5,1.0779133865283983,False,40.669975
258,1619.7228915662652,932.3132530120482,83.0,38.68674850463867,109.0,33.0,0.9512360958561689,False,40.669975
259,1622.7625,895.25,80.0,43.63750076293945,156.0,37.0,1.072966001618926,False,40.669975
260,1616.4162046908316,1706.23539445629,4690.0,51.2036247253418,370.0,46.0,1.2590030943432329,False,40.669975
261,1623.8194444444443,1980.9722222222222,72.0,34.91666793823242,90.0,35.0,0.8585367386428974,False,40.669975
262,1627.857142857143,1424.4285714285713,63.0,35.93650817871094,97.0,39.0,0.8836127371759217,False,40.669975
263,1627.855614973262,1006.7139037433155,374.0,29.454545974731445,106.0,25.5,0.7242331909816637,False,40.669975
264,1629.3557046979865,1452.6577181208054,149.0,32.107383728027344,93.0,31.0,0.7894615992848962,False,40.669975
265,1630.6351351351352,420.35135135135135,74.0,42.02702713012695,120.0,39.0,1.033367412691966,False,40.669975
266,1635.358695652174,886.8913043478261,92.0,37.75,118.0,32.0,0.9282031705059096,False,40.669975
267,1638.0945945945946,1420.945945945946,74.0,32.135135650634766,76.0,31.5,0.7901439680942166,False,40.669975
268,1641.3979591836735,412.4591836734694,98.0,42.408164978027344,160.0,39.0,1.042738892395832,False,40.669975
269,1638.2111368909514,1758.30626450116,431.0,71.44779205322266,309.0,60.0,1.756769989654257,False,40.669975
272,1653.8666666666666,1457.8190476190475,105.0,31.561904907226562,88.0,29.0,0.7760492768766549,False,40.669975
273,1653.888888888889,404.9753086419753,81.0,42.55555725097656,118.0,40.0,1.0463629976954225,False,40.669975
274,1653.7966101694915,906.1016949152543,118.0,39.084747314453125,114.0,35.5,0.961022155647622,False,40.669975
275,1655.717105263158,1053.108552631579,304.0,48.407894134521484,490.0,42.5,1.1902612135940998,False,40.669975
276,1661.0160427807486,1033.8235294117646,187.0,34.65240478515625,106.0,29.0,0.8520389930393691,False,40.669975
277,1661.8147801683817,1406.8400374181479,1069.0,40.65668869018555,337.0,36.0,0.9996733071391254,False,40.669975
278,1662.9516971279375,1377.759138381201,1532.0,48.50848388671875,785.0,42.0,1.1927345308632364,False,40.669975
279,1662.8461538461538,1990.5961538461538,104.0,32.596153259277344,116.0,30.0,0.8014795444121263,False,40.669975
280,1664.6315789473683,399.94736842105266,57.0,45.35087585449219,131.0,45.0,1.1150947484333655,False,40.669975
281,1668.3703703703704,780.6666666666666,54.0,48.72222137451172,165.0,39.0,1.197989943150002,False,40.669975
282,1668.593984962406,796.1127819548872,133.0,49.54135513305664,139.0,46.0,1.2181309378983416,False,40.669975
284,1669.642857142857,1467.561224489796,98.0,25.653060913085938,65.0,25.0,0.6307616549061614,False,40.669975
285,1670.9974279835392,1859.3770576131687,1944.0,45.47273635864258,171.0,42.0,1.1180910744283812,False,40.669975
286,1669.1777251184835,1742.781990521327,422.0,78.16824340820312,289.0,62.0,1.9220135460760746,False,40.669975
288,1675.2790697674418,395.0348837209302,86.0,48.53488540649414,170.0,40.0,1.1933836957469899,False,40.669975
289,1674.057142857143,828.2571428571429,105.0,47.58095169067383,146.0,44.0,1.1699282176151515,False,40.669975
290,1684.8177570093458,809.7850467289719,214.0,47.99532699584961,131.0,44.0,1.1801169453514035,False,40.669975
291,1677.660465116279,1424.1767441860466,215.0,39.865116119384766,149.0,37.0,0.9802099913801109,False,40.669975
292,1679.1041666666667,766.8541666666666,144.0,50.58333206176758,142.0,48.5,1.2437512369400239,False,40.669975
293,1678.5675965665237,1716.2650214592275,932.0,50.297210693359375,170.0,48.0,1.2367160379650308,False,40.669975
294,1686.2957746478874,389.5211267605634,71.0,46.53520965576172,140.0,43.0,1.1442153415267615,False,40.669975
296,1692.7420634920634,1748.25,252.0,67.53174591064453,276.0,58.0,1.6604816069949604,False,40.669975
297,1691.4954128440368,1443.9908256880733,109.0,33.65137481689453,123.0,31.0,0.8274255045542842,False,40.669975
299,1692.7463768115942,1501.0144927536232,138.0,34.79710006713867,104.0,33.0,0.8555967842842256,False,40.669975
300,1698.673076923077,1462.4423076923076,52.0,28.596153259277344,66.0,26.5,0.7031268905836856,False,40.669975
301,1704.2789699570815,1435.871244635193,233.0,33.931331634521484,111.0,31.0,0.8343091285470281,False,40.669975
302,1700.1075268817203,1423.3440860215053,93.0,35.80644989013672,118.0,34.0,0.8804148427175068,False,40.669975
303,1701.5271317829458,381.5813953488372,129.0,47.12403106689453,145.0,44.0,1.1586933786307414,False,40.669975
304,1709.7111853088481,1337.5542570951586,599.0,60.63439178466797,630.0,49.0,1.4908883363238752,False,40.669975
305,1706.3286713286714,1715.4079254079254,429.0,49.80885696411133,314.0,47.0,1.2247083166453905,False,40.669975
306,1706.9397590361446,1032.2951807228915,332.0,37.737953186035156,143.0,35.0,0.9279069614750046,False,40.669975
307,1703.717791411043,1482.3067484662577,163.0,28.36809730529785,86.0,26.0,0.6975194135098707,False,40.669975
308,1703.5418502202642,759.863436123348,227.0,47.72246551513672,153.0,45.0,1.1734077826624858,False,40.669975
309,1707.9824267782426,1400.121338912134,1195.0,41.66694641113281,180.0,39.0,1.0245136891155844,False,40.669975
310,1711.7147766323023,1735.9312714776631,291.0,120.6597900390625,724.0,69.0,2.9668026401810645,True,40.669975
311,1712.490909090909,1996.509090909091,55.0,36.9636344909668,112.0,34.0,0.9088678868327675,False,40.669975
312,1713.320143884892,1696.6276978417266,556.0,47.52518081665039,168.0,43.0,1.1685569142485173,False,40.669975
313,1718.877358490566,374.60377358490564,106.0,51.54716873168945,147.0,49.5,1.2674502105260197,False,40.669975
314,1714.60663507109,809.1421800947867,211.0,46.805686950683594,230.0,42.0,1.1508658814657375,False,40.669975
315,1720.258064516129,1751.0645161290322,93.0,55.73118209838867,164.0,51.0,1.370327415093154,False,40.669975
316,1724.6785714285713,761.6285714285714,140.0,50.400001525878906,140.0,48.5,1.2392434757569135,False,40.669975
317,1734.8805970149253,1699.6231343283582,536.0,51.656715393066406,192.0,48.0,1.2701437617421367,False,40.669975
318,1727.6679841897233,1363.2252964426877,253.0,42.76284408569336,134.0,40.0,1.051459800269946,False,40.669975
320,1732.6622222222222,1034.5955555555556,225.0,36.622222900390625,104.0,34.0,0.9004732028375287,False,40.669975
321,1738.493006993007,1409.4650349650349,286.0,40.30769348144531,160.0,37.0,0.9910921559008722,False,40.669975
322,1735.0,1463.9019607843138,51.0,26.33333396911621,64.0,22.0,0.6474883200033016,False,40.669975
323,1734.2307692307693,368.85714285714283,91.0,51.626373291015625,133.0,49.0,1.2693977051772798,False,40.669975
325,1738.1052631578948,1759.4105263157894,95.0,46.51578903198242,163.0,44.0,1.143737824054837,False,40.669975
328,1741.1181434599157,768.2447257383966,237.0,52.45147705078125,148.0,49.0,1.2896854912914733,False,40.669975
329,1740.734375,1430.84375,128.0,37.625,123.0,36.0,0.9251296500737709,False,40.669975
330,1746.1736434108527,790.5798449612403,645.0,49.45271301269531,179.0,46.0,1.2159513909537125,False,40.669975
331,1746.2432432432433,364.6216216216216,74.0,48.58108139038086,116.0,45.0,1.1945195701498585,False,40.669975
332,1751.6333333333334,1349.475,120.0,47.75,188.0,39.5,1.1740848050770116,False,40.669975
333,1753.5919540229886,1684.2183908045977,174.0,45.9942512512207,128.0,43.5,1.1309141678524095,False,40.669975
334,1754.2446043165467,1025.8920863309352,139.0,34.719425201416016,87.0,34.0,0.8536869019893278,False,40.669975
335,1752.364406779661,1448.9449152542372,236.0,31.576271057128906,122.0,28.0,0.7764025141187031,False,40.669975
336,1757.048076923077,2795.224358974359,312.0,58.29487228393555,196.0,53.0,1.4333638484287696,False,40.669975
337,1757.7837837837837,1422.8,185.0,46.01081085205078,411.0,34.0,1.131321338024404,False,40.669975
338,1759.26,1311.3933333333334,150.0,50.473331451416016,196.0,44.5,1.2410465239523176,False,40.669975
339,1760.603448275862,1672.1810344827586,116.0,48.82758712768555,144.0,48.0,1.2005806935118217,False,40.669975
340,1763.568345323741,1480.2374100719423,278.0,97.02517700195312,1458.0,31.0,2.385670911579072,True,40.669975
341,1763.1505376344087,1015.6397849462365,186.0,33.32795715332031,121.0,29.0,0.8194732581774047,False,40.669975
342,1762.756148981026,916.5344342937456,2846.0,36.63317108154297,203.0,33.5,0.9007423985052606,False,40.669975
343,1768.7,794.96,50.0,61.5,224.0,51.0,1.5121720526122766,False,40.669975
344,1769.9605263157894,1401.1973684210527,76.0,36.96052551269531,94.0,35.0,0.9087914427668438,False,40.669975
345,1771.5,1432.378787878788,66.0,33.39393997192383,82.0,31.5,0.8210956545065887,False,40.669975
346,1765.9163346613545,357.57370517928285,251.0,53.51394271850586,222.0,51.0,1.3158095707970536,False,40.669975
347,1770.7786259541986,1360.0050890585242,393.0,44.60050964355469,193.0,43.0,1.096644621386142,False,40.669975
349,1776.2439024390244,1421.8699186991869,123.0,35.88617706298828,134.0,30.0,0.8823751874755543,False,40.669975
351,1780.6666666666667,1461.9722222222222,216.0,29.898147583007812,81.0,27.0,0.7351405398358001,False,40.669975
352,1778.5,779.0098039215686,102.0,56.2843132019043,195.0,53.0,1.3839278930796077,False,40.669975
353,1776.747663551402,1262.5941255006676,749.0,49.957275390625,169.0,46.0,1.2283576531765559,False,40.669975
354,1780.809885931559,1341.7186311787073,263.0,45.55133056640625,124.0,41.0,1.1200235616556566,False,40.669975
355,1779.3375,1403.075,80.0,40.6875,101.0,40.5,1.000430900661171,False,40.669975
356,1786.3009708737864,347.5533980582524,103.0,51.42718505859375,142.0,47.0,1.264500032359758,False,40.669975
357,1785.4580152671756,1505.543893129771,524.0,34.421756744384766,136.0,33.0,0.8463677813118177,False,40.669975
358,1786.9088050314465,1321.4905660377358,318.0,132.61949157714844,3211.0,48.0,3.260869736497774,True,40.669975
359,1783.574812967581,1282.8977556109726,802.0,60.720699310302734,947.0,47.0,1.4930104798717616,False,40.669975
361,1791.909090909091,1003.6363636363636,77.0,30.480520248413086,88.0,28.0,0.7494600141257378,False,40.669975
362,1792.1862348178138,1032.9838056680162,247.0,36.91497802734375,107.0,33.0,0.9076715137519592,False,40.669975
363,1795.950495049505,1017.9009900990098,101.0,33.22772216796875,121.0,31.0,0.8170086639734594,False,40.669975
364,1801.0654205607477,341.2056074766355,107.0,51.962615966796875,207.0,51.0,1.2776652950506453,False,40.669975
365,1801.3104238258877,1299.7754868270333,873.0,50.08247375488281,205.0,47.0,1.2314360510214897,False,40.669975
366,1804.3420289855073,1585.7246376811595,345.0,43.93333435058594,139.0,39.0,1.080240006228081,False,40.669975
367,1799.5714285714287,2668.779220779221,77.0,46.97402572631836,108.0,47.0,1.155005022797215,False,40.669975
368,1802.0896551724138,1375.0827586206897,145.0,39.475860595703125,127.0,35.0,0.9706389129372437,False,40.669975
369,1799.4489795918366,1645.0204081632653,294.0,46.89115524291992,140.0,44.0,1.1529673898056445,False,40.669975
371,1804.3333333333333,1506.1944444444443,72.0,32.73611068725586,115.0,29.0,0.8049208405282988,False,40.669975
372,1804.2456140350878,1475.438596491228,57.0,25.087718963623047,57.0,22.0,0.6168609346436065,False,40.669975
373,1814.0437158469945,1267.72131147541,366.0,217.428955078125,4095.0,55.5,5.346178687769606,True,40.669975
374,1817.3205574912893,1332.212543554007,287.0,46.40418243408203,144.0,45.0,1.1409936227827704,False,40.669975
375,1817.9574468085107,1010.100580270793,517.0,30.9381046295166,107.0,28.0,0.7607111736837316,False,40.669975
376,1814.5949367088608,1622.4810126582279,79.0,47.987342834472656,131.0,44.0,1.179920629486399,False,40.669975
377,1815.9741379310344,1412.4137931034484,116.0,37.36206817626953,93.0,36.0,0.91866463941381,False,40.669975
378,1818.9122807017543,1495.8070175438597,114.0,32.76315689086914,81.0,30.5,0.8055858570036365,False,40.669975
379,1821.485049833887,1538.5946843853822,301.0,39.7707633972168,154.0,36.0,0.9778900312248215,False,40.669975
380,1816.6077348066299,1165.686187845304,905.0,51.81215286254883,560.0,47.0,1.2739656836491302,False,40.669975
381,1821.1044776119404,1484.8955223880596,67.0,26.238805770874023,71.0,26.0,0.6451640452136166,False,40.669975
382,1824.3482142857142,1511.1785714285713,112.0,36.08035659790039,108.0,32.0,0.8871497056199988,False,40.669975
383,1826.9422222222222,1455.3333333333333,225.0,29.74222183227539,105.0,28.0,0.7313066119896187,False,40.669975
385,1828.6057692307693,1299.798076923077,208.0,46.20192337036133,138.0,43.0,1.1360204438633237,False,40.669975
386,1831.5181518151815,1616.125412541254,303.0,46.19472122192383,151.0,42.0,1.1358433562603,False,40.669975
387,1828.2933618843683,1192.4271948608136,934.0,148.5096435546875,4095.0,52.0,3.651579390679827,True,40.669975
389,1837.3707571801567,1274.44908616188,383.0,48.53786087036133,185.0,44.0,1.193456856938917,False,40.669975
390,1834.6703296703297,1439.0549450549452,91.0,31.329669952392578,97.0,29.0,0.7703390458467423,False,40.669975
391,1836.5128205128206,1000.8034188034188,117.0,28.299144744873047,96.0,27.0,0.6958239966833593,False,40.669975
392,1838.819188191882,1333.2841328413283,271.0,45.65682601928711,153.0,41.0,1.122617501095073,False,40.669975
394,1837.1666666666667,332.31182795698925,372.0,48.287635803222656,185.0,44.0,1.187304282087045,False,40.669975
395,1841.8852459016393,1566.5409836065573,61.0,46.3934440612793,176.0,39.0,1.1407295859170334,False,40.669975
396,1838.2277227722773,1590.0633663366336,505.0,42.877227783203125,169.0,40.0,1.0542722853211448,False,40.669975
397,1842.2700729927008,1471.014598540146,137.0,25.284671783447266,65.0,24.0,0.6217036427707832,False,40.669975
398,1837.4885954381753,1126.906362545018,833.0,98.91236114501953,3885.0,48.0,2.432073303762455,True,40.669975
399,1851.874345549738,998.303664921466,191.0,29.47120475769043,118.0,27.0,0.7246427998600558,False,40.669975
400,1851.725806451613,1218.6881720430108,186.0,49.55376434326172,215.0,45.0,1.2184360575872377,False,40.669975
401,1857.4344827586208,1597.1724137931035,725.0,47.6317253112793,171.0,44.0,1.171176647697908,False,40.669975
402,1857.90625,1559.0078125,128.0,40.4921875,148.0,36.5,0.995628524985954,False,40.669975
403,1858.3684210526317,980.9122807017544,57.0,27.122806549072266,52.0,28.0,0.6669000008441676,False,40.669975
404,1862.091891891892,1499.6702702702703,1110.0,34.16216278076172,148.0,31.0,0.8399848425017751,False,40.669975
405,1861.5763688760808,830.3227665706052,347.0,43.74063491821289,136.0,42.0,1.0755018810868002,False,40.669975
406,1857.8589743589744,1460.8685897435898,312.0,28.326923370361328,118.0,25.0,0.696507022067479,False,40.669975
407,1862.7857142857142,1413.0,56.0,41.19643020629883,120.0,41.5,1.0129445597619071,False,40.669975
408,1866.2718446601941,847.1747572815534,206.0,44.09708786010742,142.0,40.5,1.0842664042868706,False,40.669975
409,1866.7665369649806,948.9455252918287,257.0,32.797664642333984,117.0,31.0,0.8064343392371914,False,40.669975
411,1872.855072463768,1428.4492753623188,69.0,36.33333206176758,94.0,37.0,0.8933699076762036,False,40.669975
412,1872.3825136612022,1471.2349726775956,183.0,27.781421661376953,63.0,26.0,0.6830941368808382,False,40.669975
413,1871.2360248447205,1621.6024844720496,161.0,44.91304397583008,138.0,41.0,1.104329266634088,False,40.669975
414,1877.5555555555557,324.6161616161616,99.0,48.77777862548828,128.0,49.0,1.1993559939182414,False,40.669975
415,1880.7619047619048,1637.8015873015872,126.0,49.619049072265625,179.0,49.0,1.2200412891752388,False,40.669975
416,1878.797619047619,889.9047619047619,84.0,38.011905670166016,119.0,34.5,0.9346429499342956,False,40.669975
417,1883.6192893401014,961.5634517766498,197.0,28.883249282836914,100.0,26.0,0.7101860545388546,False,40.669975
418,1881.6875,2021.15625,96.0,42.20833206176758,117.0,39.5,1.037825367986726,False,40.669975
419,1881.5714285714287,1044.7777777777778,63.0,35.69841384887695,98.0,35.0,0.8777584348757526,False,40.669975
420,1884.8703703703704,822.5432098765432,162.0,41.567901611328125,147.0,35.0,1.02207835938841,False,40.669975
421,1884.4924242424242,940.9090909090909,132.0,35.3863639831543,116.0,32.0,0.8700857017705946,False,40.669975
423,1881.820564516129,1452.554435483871,496.0,31.425403594970703,131.0,28.0,0.7726929602987979,False,40.669975
424,1881.1809523809525,1973.4285714285713,105.0,30.66666603088379,73.0,30.0,0.7540369970519791,False,40.669975
425,1885.1804511278197,810.6390977443609,133.0,48.23308181762695,163.0,42.0,1.1859628997719809,False,40.669975
426,1884.345259391771,1568.0840787119857,559.0,46.11627960205078,156.0,42.0,1.133914620889021,False,40.669975
427,1885.4175824175825,1596.9450549450548,91.0,40.28571319580078,113.0,37.0,0.9905517010446105,False,40.669975
428,1885.9318181818182,1618.628787878788,132.0,43.17424392700195,160.0,40.5,1.061575366814271,False,40.669975
430,1888.159090909091,1023.7136363636364,220.0,35.54090881347656,125.0,34.0,0.8738856753200098,False,40.669975
431,1887.8208955223881,903.6716417910447,402.0,37.64179229736328,121.0,33.5,0.9255425418261596,False,40.669975
432,1895.4512195121952,321.5975609756098,82.0,43.23170852661133,136.0,39.0,1.0629883157824636,False,40.669975
433,1896.408906882591,1253.4883040935672,4446.0,63.055782318115234,3580.0,46.0,1.5504258825537758,False,40.669975
434,1897.648854961832,875.2519083969465,131.0,39.946563720703125,140.0,35.0,0.9822126383145162,False,40.669975
435,1896.9217391304348,970.0,115.0,27.16521644592285,87.0,24.0,0.6679427823201289,False,40.669975
436,1904.419795221843,836.2866894197953,293.0,43.11945343017578,155.0,39.0,1.0602281691224127,False,40.669975
438,1902.9423076923076,813.8269230769231,52.0,45.86538314819336,118.0,47.0,1.1277455378707655,False,40.669975
439,1903.349315068493,859.082191780822,146.0,42.917808532714844,127.0,40.0,1.055270091423351,False,40.669975
440,1904.0353535353536,2504.813131313131,198.0,45.17171859741211,148.0,40.0,1.1106896005117532,False,40.669975
441,1901.9051144010766,787.5363391655451,1486.0,46.95222091674805,313.0,42.0,1.154468882575349,False,40.669975
442,1919.730995475113,1203.0255656108598,4420.0,68.6651611328125,4095.0,45.0,1.6883502057424031,False,40.669975
443,1904.0332167832169,1629.9047202797203,1144.0,48.24912643432617,176.0,44.5,1.186357407429988,False,40.669975
445,1916.8903394255874,1519.356251813171,3447.0,62.055118560791016,3884.0,36.0,1.525821398523082,False,40.669975
446,1914.9650349650349,1662.048951048951,143.0,47.46853256225586,137.0,41.0,1.1671640377099046,False,40.669975
448,1917.8914342629482,1486.4213147410358,1004.0,41.80577850341797,874.0,31.0,1.0279273152937844,False,40.669975
449,1924.65,314.2125,80.0,43.63750076293945,138.0,42.0,1.072966001618926,False,40.669975
450,1925.6738197424893,1577.9172286940527,1631.0,43.70570373535156,189.0,40.0,1.0746429874528556,False,40.669975
451,1926.4827586206898,850.7068965517242,58.0,46.31034469604492,128.0,44.0,1.1386863251414685,False,40.669975
452,1928.7978436657681,1635.2695417789757,371.0,50.01617431640625,162.0,47.0,1.2298058695911134,False,40.669975
454,1927.4666666666667,1684.6166666666666,60.0,44.68333435058594,138.0,45.0,1.0986811288209135,False,40.669975
455,1940.7532467532467,1556.029684601113,1078.0,40.408164978027344,164.0,38.0,0.9935625654816117,False,40.669975
456,1933.1774744027305,755.7440273037543,293.0,48.109214782714844,152.0,44.0,1.1829172368706145,False,40.669975
457,1932.977358490566,1657.8169811320754,530.0,48.056602478027344,166.0,44.5,1.1816235969231028,False,40.669975
458,1936.01652892562,780.304132231405,605.0,46.252891540527344,180.0,42.0,1.1372736575624753,False,40.669975
460,1946.9666666666667,820.3733333333333,150.0,41.026668548583984,109.0,39.5,1.0087704323732647,False,40.669975
461,1955.2313167259786,761.8594306049822,562.0,44.284698486328125,133.0,41.0,1.088879405030676,False,40.669975
463,1959.3698630136987,1283.8698630136987,146.0,42.60274124145508,100.0,40.0,1.047523165365867,False,40.669975
464,1962.491349480969,1268.4878892733564,289.0,43.4290657043457,134.0,42.0,1.0678409663280304,False,40.669975
465,1963.960396039604,1181.3069306930693,101.0,44.861385345458984,135.0,37.0,1.1030590757865533,False,40.669975
466,1964.275,1953.425,80.0,25.5,73.0,22.5,0.6269981681563098,False,40.669975
467,1963.2643678160919,834.1494252873563,87.0,39.18390655517578,100.0,35.0,0.9634602992667936,False,40.669975
468,1969.350067842605,790.3785617367707,737.0,46.09497833251953,168.0,42.0,1.1333908617919426,False,40.669975
469,1967.9411764705883,931.0588235294117,51.0,38.568626403808594,147.0,37.0,0.9483316903330616,False,40.669975
470,1968.7241379310344,1536.7931034482758,58.0,35.344825744628906,105.0,35.5,0.8690643527720119,False,40.669975
471,1973.3402777777778,904.3194444444445,144.0,37.02777862548828,135.0,35.0,0.9104450732971967,False,40.669975
473,1974.0723684210527,757.0921052631579,152.0,45.019737243652344,134.0,41.5,1.106952658143075,False,40.669975
474,1975.7411764705882,836.8705882352941,85.0,44.36470413208008,172.0,34.0,1.090846596925917,False,40.669975
475,1978.5740740740741,741.0370370370371,108.0,47.86111068725586,207.0,43.5,1.1768168128170904,False,40.669975
476,1981.5987654320988,861.0617283950618,162.0,41.80864334106445,115.0,37.0,1.0279977563901141,False,40.669975
477,1979.7611940298507,1599.0298507462687,67.0,44.05970001220703,99.0,46.0,1.0833471057713864,False,40.669975
478,1986.2459893048128,1286.9322638146168,561.0,48.52762985229492,218.0,44.0,1.1932052949943674,False,40.669975
479,1986.8982300884957,803.2964601769911,226.0,43.33628463745117,153.0,38.5,1.0655596502895026,False,40.669975
480,1990.7333333333333,888.6133333333333,75.0,38.20000076293945,131.0,35.0,0.9392678628208893,False,40.669975
481,1989.8474576271187,833.2372881355932,59.0,41.40678024291992,109.0,35.0,1.0181166808455557,False,40.669975
482,1993.5645161290322,1588.6129032258063,124.0,198.02420043945312,2406.0,53.0,4.869051408868825,True,40.669975
483,1991.1785714285713,870.625,56.0,40.14285659790039,124.0,36.5,0.9870391196645091,False,40.669975
484,1991.3283582089553,1266.69776119403,268.0,43.708953857421875,154.0,36.0,1.074722901985576,False,40.669975
485,1996.4117647058824,1686.7205882352941,68.0,47.22058868408203,133.0,43.5,1.1610675531051766,False,40.669975
486,2002.8991596638655,768.3053221288516,357.0,44.53501510620117,167.0,42.0,1.0950342309961458,False,40.669975
488,2002.367816091954,1305.6781609195402,348.0,43.307472229003906,155.0,38.5,1.0648512060810083,False,40.669975
489,2003.1298701298701,1659.974025974026,77.0,46.701297760009766,139.0,42.0,1.148299142982294,False,40.669975
490,2005.4675324675325,901.5324675324675,231.0,38.21644973754883,127.0,36.0,0.9396723128972864,False,40.669975
491,2005.4915254237287,1599.3389830508474,59.0,42.76271057128906,126.0,36.0,1.0514565173959494,False,40.669975
492,2005.925,805.975,80.0,40.587501525878906,110.0,39.5,0.9979721218340197,False,40.669975
495,2014.18125,1617.775,160.0,44.724998474121094,148.0,41.0,1.0997055731006933,False,40.669975
496,2015.1004784688996,1663.9043062200958,209.0,50.49760818481445,148.0,44.0,1.2416434442413231,False,40.669975
498,2018.0322997416022,1229.3643410852712,2322.0,46.860897064208984,196.0,43.0,1.1522233967615856,False,40.669975
499,2022.3144104803494,1641.0349344978165,687.0,49.0174674987793,187.0,46.0,1.2052495031135715,False,40.669975
500,2022.1772151898733,756.2911392405064,79.0,46.16455841064453,104.0,44.0,1.1351017081262387,False,40.669975
501,2020.857142857143,787.1642857142857,280.0,47.04999923706055,180.0,44.0,1.1568730718977545,False,40.669975
502,2022.4259259259259,982.2222222222222,54.0,22.296297073364258,47.0,22.5,0.548224996928168,False,40.669975
503,2031.2159468438538,1610.9667774086379,301.0,45.10963439941406,161.0,43.0,1.1091630641032735,False,40.669975
504,2024.7058823529412,1184.4705882352941,51.0,39.2156867980957,121.0,35.0,0.9642417170744152,False,40.669975
505,2028.1746031746031,827.5555555555555,63.0,40.4603157043457,147.0,38.0,0.9948448560647345,False,40.669975
506,2021.4241245136186,1706.3385214007783,514.0,50.01167297363281,165.0,46.0,1.2296951898392237,False,40.669975
508,2020.5657395701644,2437.83786346397,3164.0,35.86567687988281,160.0,33.0,0.8818711256224564,False,40.669975
509,2026.1757719714965,1565.3239904988125,2105.0,66.885986328125,4083.0,40.0,1.644603564825975,False,40.669975
510,2036.171568627451,1506.2254901960785,204.0,33.45588302612305,121.0,28.5,0.8226187204482718,False,40.669975
511,2036.8955223880596,1699.8208955223881,67.0,50.0,105.0,47.0,1.2294081728555095,False,40.669975
513,2039.1931677018633,2439.311801242236,1610.0,36.96086883544922,154.0,34.0,0.9087998844428353,False,40.669975
514,2042.9811320754718,1662.4150943396226,53.0,48.45283126831055,158.0,40.0,1.1913661351849993,False,40.669975
515,2044.48,2046.44,75.0,44.2400016784668,119.0,40.0,1.0877803926129708,False,40.669975
517,2045.2424242424242,1988.7171717171718,99.0,35.3636360168457,87.0,32.0,0.8695268628199513,False,40.669975
518,2046.1694915254238,1181.8305084745762,59.0,46.813560485839844,136.0,38.0,1.1510594772351448,False,40.669975
519,2048.7391304347825,1199.9565217391305,69.0,40.144927978515625,117.0,39.0,0.9870900511096583,False,40.669975
521,2050.7867867867867,2440.554804804805,1332.0,37.05780792236328,132.0,34.0,0.9111834385572612,False,40.669975
522,2053.637931034483,717.2241379310345,58.0,48.5,124.0,49.0,1.192525927669844,False,40.669975
523,2052.782608695652,1157.5,138.0,43.59420394897461,132.0,43.0,1.0719014124799862,False,40.669975
524,2059.500313087038,1564.8403256105198,1597.0,85.3187255859375,2430.0,43.0,2.0978307706593604,True,40.669975
525,2049.170731707317,784.1260162601626,246.0,46.19105529785156,141.0,43.5,1.1357532179199898,False,40.669975
526,2054.3333333333335,1170.2575757575758,66.0,38.98484802246094,116.0,36.5,0.9585658155268685,False,40.669975
527,2057.991666666667,1995.725,120.0,35.90833282470703,119.0,32.5,0.8829199569662117,False,40.669975
529,2061.494845360825,1202.319587628866,97.0,45.402061462402344,118.0,43.0,1.116353308527312,False,40.669975
530,2062.2027027027025,774.7162162162163,74.0,48.5945930480957,167.0,42.5,1.1948517969983277,False,40.669975
531,2063.8867924528304,1631.867924528302,53.0,44.660377502441406,138.0,38.0,1.098116662086276,False,40.669975
532,2064.590361445783,885.6867469879518,83.0,38.83132553100586,144.0,34.0,0.9547909794126281,False,40.669975
533,2060.949281487743,1521.7810650887575,1183.0,47.20541000366211,968.0,36.0,1.1606943372299485,False,40.669975
534,2073.6162790697676,857.6860465116279,86.0,42.47674560546875,142.0,39.0,1.0444251640733526,False,40.669975
535,2068.2275229357797,1593.9963302752294,545.0,59.55229187011719,565.0,47.0,1.4642814867479756,False,40.669975
536,2070.3963446475195,2435.3770234986946,3830.0,37.072845458984375,143.0,34.0,0.9115531839656931,False,40.669975
537,2073.8627450980393,1174.8823529411766,51.0,44.2156867980957,172.0,38.0,1.0871825343599661,False,40.669975
538,2077.934065934066,2048.3516483516482,91.0,46.89011001586914,135.0,43.0,1.15294168959207,False,40.669975
539,2079.554213483146,2212.8266853932582,3560.0,53.185394287109375,222.0,49.0,1.3077311682622998,False,40.669975
540,2079.630541871921,1665.9901477832511,203.0,51.56650161743164,172.0,50.0,1.2679255706807462,False,40.669975
543,2087.051724137931,1148.0603448275863,116.0,47.66379165649414,159.0,42.0,1.1719651002355227,False,40.669975
544,2094.159836065574,1594.2581967213114,1464.0,45.530738830566406,154.0,43.0,1.1195172486889609,False,40.669975
545,2087.292517006803,1625.142857142857,147.0,49.156463623046875,160.0,45.0,1.2086671625369676,False,40.669975
547,2100.56,1270.66,50.0,50.380001068115234,155.0,45.0,1.2387517012322034,False,40.669975
548,2102.7571428571428,1285.6714285714286,70.0,47.35714340209961,133.0,47.0,1.1644251828326324,False,40.669975
550,2101.4801061007956,1641.4270557029179,377.0,47.56498718261719,144.0,45.0,1.1695356796815424,False,40.669975
551,2107.7024793388427,1620.3801652892562,242.0,48.123966217041016,161.0,45.0,1.1832799475490532,False,40.669975
552,2110.8142857142857,1560.6285714285714,140.0,42.71428680419922,132.0,41.5,1.0502658658955353,False,40.669975
553,2126.3333333333335,1739.3934311670162,1431.0,50.146751403808594,201.0,46.0,1.2330165203599155,False,40.669975
554,2122.853503184713,1529.15556099951,4082.0,44.91670608520508,1469.0,36.0,1.1044193111779983,False,40.669975
555,2127.3055175558598,1488.281805745554,2193.0,32.62653732299805,854.0,29.0,0.8022266327373823,False,40.669975
557,2156.7847790507367,1359.868248772504,1222.0,42.69721603393555,162.0,39.0,1.0498461270059534,False,40.669975
558,2138.255894590846,2434.771151178918,1442.0,38.063106536865234,160.0,35.0,0.9359018852138418,False,40.669975
559,2140.0632911392404,1703.5316455696202,79.0,42.9620246887207,115.0,35.0,1.0563572854946681,False,40.669975
560,2142.3445065176907,707.2184978274364,1611.0,50.31471252441406,215.0,46.0,1.2371463758478023,False,40.669975
562,2155.777777777778,911.7777777777778,54.0,38.72222137451172,128.0,34.5,0.9521083085789002,False,40.669975
563,2155.2166172106827,1713.3560830860533,337.0,49.93471908569336,172.0,47.0,1.2278030350639082,False,40.669975
564,2156.3161904761905,1744.6961904761904,1050.0,48.23143005371094,175.0,45.0,1.1859222859308214,False,40.669975
566,2173.766129032258,732.5725806451613,124.0,46.99193572998047,161.0,45.5,1.1554453968947764,False,40.669975
568,2172.169811320755,830.0754716981132,53.0,36.867923736572266,83.0,35.0,0.9065145351591115,False,40.669975
569,2175.566037735849,930.4528301886793,53.0,37.96226501464844,96.0,35.0,0.9334223773823113,False,40.669975
570,2173.1451612903224,1706.1048387096773,124.0,51.975807189941406,148.0,51.0,1.2779896430015223,False,40.669975
571,2174.7600518806744,696.7704280155642,771.0,47.58495330810547,155.0,44.0,1.1700266100386536,False,40.669975
572,2178.950354609929,1147.2624113475176,141.0,47.86524963378906,134.0,43.0,1.176918581910989,False,40.669975
575,2183.512859304085,1529.4969742813919,1322.0,38.6111946105957,143.0,36.0,0.9493783643596192,False,40.669975
576,2185.533950617284,1394.5751028806585,972.0,41.175926208496094,164.0,39.0,1.0124404041124093,False,40.669975
577,2188.3492063492063,707.3333333333334,189.0,44.560848236083984,153.0,41.0,1.0956694202163133,False,40.669975
578,2201.0763723150358,698.5513126491646,419.0,48.98090744018555,191.0,45.0,1.2043505584168668,False,40.669975
579,2223.811636668062,1284.4372122226873,4778.0,99.1312255859375,4095.0,48.0,2.4374547784106952,True,40.669975
580,2199.1724137931033,1426.801724137931,116.0,37.181034088134766,128.0,33.5,0.9142133436634435,False,40.669975
581,2202.0731707317073,936.5731707317074,82.0,35.82926940917969,99.0,31.0,0.880975932781748,False,40.669975
582,2203.19375,1505.9625,160.0,36.34375,141.0,35.0,0.8936260656443484,False,40.669975
583,2191.7636324136433,1212.0493156636976,4603.0,51.81316375732422,2702.0,47.0,1.2739905396951055,False,40.669975
584,2217.3271767810024,1385.7994722955145,379.0,40.862796783447266,128.0,37.0,1.0047411266260777,False,40.669975
585,2217.5636363636363,921.9818181818182,55.0,38.727272033691406,93.0,34.0,0.9522324950123764,False,40.669975
586,2215.4442424242425,1107.7218181818182,1650.0,46.5157585144043,606.0,42.0,1.1437370736836379,False,40.669975
589,2221.345794392523,788.8785046728972,107.0,47.962615966796875,130.0,48.0,1.1793126412222046,False,40.669975
590,2223.030612244898,1513.7285714285715,490.0,35.67142868041992,120.0,32.0,0.8770949191428135,False,40.669975
591,2230.733333333333,714.1481481481482,135.0,45.69629669189453,145.0,42.0,1.1235880124449062,False,40.669975
592,2231.4611650485435,830.8058252427185,206.0,45.65048599243164,133.0,44.0,1.1224616114784283,False,40.669975
593,2232.27577092511,1132.2334801762115,1135.0,47.03700256347656,180.0,43.0,1.1565535075632727,False,40.669975
595,2229.799076212471,1336.8221709006928,433.0,47.494224548339844,168.0,43.0,1.1677957564632755,False,40.669975
596,2229.012987012987,1201.6513798701299,2464.0,59.15259552001953,2004.0,47.0,1.454453687558564,False,40.669975
597,2234.7901861252117,1497.8663282571913,591.0,32.50253677368164,143.0,29.0,0.7991776869620191,False,40.669975
598,2238.04,1441.024,125.0,32.24800109863281,106.0,30.0,0.7929191221782526,False,40.669975
599,2236.7735849056603,949.7358490566038,53.0,797.132080078125,4095.0,74.0,19.600013881867188,True,40.669975
600,2237.136612021858,1417.0054644808743,183.0,175.90164184570312,1119.0,72.0,4.325098322076202,True,40.669975
601,2243.5689440993788,1355.1453416149068,805.0,45.469566345214844,178.0,42.0,1.1180131296200588,False,40.669975
602,2240.419117647059,1081.3970588235295,136.0,40.963233947753906,114.0,34.5,1.007210692039218,False,40.669975
603,2239.7710843373493,1377.5180722891566,83.0,44.67469787597656,133.0,40.0,1.098468773771525,False,40.669975
604,2241.6466666666665,861.6666666666666,150.0,42.2400016784668,125.0,38.0,1.0386040656987503,False,40.669975
605,2244.256554307116,1176.3300561797753,2136.0,50.42228317260742,210.0,46.0,1.2397913405287677,False,40.669975
606,2248.603773584906,844.0943396226415,53.0,38.39622497558594,100.0,37.0,0.9440926558356837,False,40.669975
607,2250.1724137931033,732.1551724137931,58.0,49.534481048583984,169.0,48.5,1.2179619167857099,False,40.669975
608,2249.597222222222,834.0833333333334,72.0,48.15277862548828,163.0,42.0,1.1839883917575476,False,40.669975
609,2250.132075471698,1432.4056603773586,106.0,37.70754623413086,98.0,36.0,0.9271593103713494,False,40.669975
610,2249.0185185185187,1470.4444444444443,378.0,26.063491821289062,74.0,24.0,0.64085339716491,False,40.669975
611,2257.705882352941,860.5294117647059,51.0,37.47058868408203,114.0,28.0,0.9213329593983524,False,40.669975
613,2258.3563218390805,1498.7931034482758,87.0,28.44827651977539,90.0,26.0,0.6994908731413071,False,40.669975
614,2260.753623188406,1400.4492753623188,69.0,40.20289993286133,140.0,39.0,0.9885154749990386,False,40.669975
615,2260.3090128755366,1263.519313304721,233.0,49.167381286621094,165.0,47.0,1.2089356078335,False,40.669975
616,2259.484674329502,1102.5019157088122,522.0,46.54789352416992,187.0,42.0,1.144527214556451,False,40.669975
618,2269.561403508772,1779.5263157894738,171.0,45.83625793457031,156.0,41.0,1.1270294023574787,False,40.669975
619,2269.2065217391305,893.6195652173913,92.0,37.59782791137695,102.0,33.5,0.9244615383172363,False,40.669975
620,2269.1,1017.72,50.0,31.780000686645508,76.0,32.5,0.7814118515503138,False,40.669975
621,2270.3416666666667,1477.2166666666667,120.0,27.008333206176758,60.0,26.5,0.664085311577571,False,40.669975
622,2270.842105263158,1822.4561403508771,57.0,41.24561309814453,134.0,37.0,1.0141538767459028,False,40.669975
623,2270.0588235294117,760.2941176470588,51.0,48.66666793823242,126.0,42.0,1.1966239861781625,False,40.669975
624,2267.025,786.295,200.0,47.334999084472656,143.0,42.0,1.1638806947311748,False,40.669975
625,2273.769230769231,1520.482905982906,702.0,36.990028381347656,124.0,34.0,0.9095168641237212,False,40.669975
627,2272.4205607476633,1315.271028037383,321.0,169.0841064453125,3295.0,50.0,4.157467647276762,True,40.669975
628,2275.0491803278687,1391.672131147541,61.0,40.540985107421875,108.0,38.0,0.9968283685335589,False,40.669975
629,2277.8499095840866,803.8607594936709,553.0,45.73417663574219,156.0,42.0,1.1245194106959786,False,40.669975
631,2275.0081967213114,1763.9590163934427,122.0,44.540985107421875,120.0,42.5,1.0951810223619998,False,40.669975
632,2279.3076923076924,873.0615384615385,65.0,38.81538391113281,129.0,33.0,0.9543990042574186,False,40.669975
634,2278.811320754717,1500.8059299191375,371.0,33.274932861328125,104.0,30.0,0.8181694882187032,False,40.669975
635,2281.152366863905,1359.7307692307693,676.0,54.550296783447266,1001.0,41.5,1.3412916139452735,False,40.669975
636,2281.5227272727275,1798.9863636363636,220.0,42.85454559326172,140.0,40.5,1.0537145719273002,False,40.669975
637,2292.3076923076924,951.8153846153846,195.0,30.96923065185547,101.0,29.0,0.7614765054087694,False,40.669975
638,2293.4232776617955,921.8131524008351,1916.0,35.501564025878906,141.0,33.0,0.8729182592513735,False,40.669975
639,2294.994117647059,971.2529411764706,170.0,31.058822631835938,360.0,25.0,0.7636794076569753,False,40.669975
640,2295.6423357664235,738.7518248175182,137.0,43.562042236328125,113.0,40.0,1.071110615032374,False,40.669975
641,2296.241610738255,1496.3087248322147,149.0,29.89261817932129,104.0,28.0,0.7350045819541354,False,40.669975
642,2302.964989059081,1685.0842450765865,1828.0,64.24507904052734,1639.0,47.5,1.5796685047634502,False,40.669975
643,2299.4,753.0545454545454,165.0,48.957576751708984,150.0,44.0,1.2037768996350382,False,40.669975
644,2305.8558736426457,1525.19842053307,1013.0,37.74531173706055,135.0,34.0,0.9280878947304244,False,40.669975
645,2293.100386100386,1834.5752895752896,259.0,41.606178283691406,155.0,39.0,1.0230195124650725,False,40.669975
646,2302.775175644028,1552.9297423887588,427.0,40.592506408691406,132.0,38.0,0.9980951827106972,False,40.669975
647,2296.673076923077,1766.5297202797203,572.0,50.42482376098633,196.0,47.0,1.2398538089311055,False,40.669975
648,2303.2404712404714,820.2293832293832,1443.0,44.21413803100586,182.0,41.0,1.0871444530216041,False,40.669975
649,2300.986394557823,861.0884353741496,147.0,41.9727897644043,137.0,39.0,1.0320338154780944,False,40.669975
650,2303.598214285714,981.7857142857143,112.0,35.91964340209961,372.0,24.0,0.8831980632919347,False,40.669975
651,2299.646551724138,1447.7925089179548,3364.0,37.918251037597656,789.0,31.0,0.9323401545201893,False,40.669975
653,2309.1558988764045,780.7626404494382,712.0,46.188201904296875,165.0,43.5,1.1356830582128596,False,40.669975
654,2310.5227817745804,880.9640287769785,417.0,39.00959396362305,140.0,34.0,0.9591742727730624,False,40.669975
655,2312.0142857142855,1025.3857142857144,70.0,31.757143020629883,105.0,25.5,0.7808498235220735,False,40.669975
656,2313.68,1058.72,75.0,34.52000045776367,103.0,30.0,0.8487834137950118,False,40.669975
657,2314.9508196721313,999.3770491803278,61.0,27.901639938354492,78.0,25.0,0.6860500835256941,False,40.669975
659,2320.04181184669,907.3170731707318,287.0,37.88501739501953,123.0,36.0,0.9315230002842031,False,40.669975
660,2320.426086956522,1491.3434782608695,230.0,31.560869216918945,110.0,30.5,0.7760238111540803,False,40.669975
661,2321.9954128440368,958.7614678899082,436.0,29.162843704223633,99.0,26.0,0.7170607678736075,False,40.669975
662,2323.0714285714284,1829.0064935064936,154.0,45.844154357910156,229.0,41.5,1.1272235609052854,False,40.669975
663,2324.809523809524,1505.1746031746031,63.0,37.31745910644531,88.0,39.0,0.9175677843133024,False,40.669975
664,2322.8241758241757,1083.1923076923076,182.0,45.81318664550781,178.0,40.0,1.1264621217308437,False,40.669975
665,2328.0454545454545,1551.7272727272727,66.0,39.54545593261719,116.0,36.0,0.9723501344571392,False,40.669975
666,2333.73417721519,1824.8481012658228,79.0,45.68354415893555,167.0,39.0,1.1232744510800186,False,40.669975
667,2352.9434214037897,1161.3528155858019,3747.0,57.03122329711914,1942.0,46.0,1.4022930405885161,False,40.669975
668,2333.9351535836176,1057.3651877133107,293.0,38.96586990356445,206.0,37.0,0.9580991784373332,False,40.669975
669,2333.323529411765,927.0378151260504,238.0,35.00419998168945,112.0,31.0,0.8606889908351537,False,40.669975
670,2334.468944099379,986.25,644.0,24.25776481628418,76.0,23.0,0.596453886406932,False,40.669975
671,2338.7872340425533,1036.0797872340424,188.0,36.54255294799805,127.0,34.0,0.8985142650254798,False,40.669975
672,2336.0883882149046,1464.1490467937608,577.0,27.47660255432129,100.0,25.0,0.6755991948517032,False,40.669975
673,2340.516129032258,961.1935483870968,279.0,28.84587860107422,90.0,27.0,0.7092671781071699,False,40.669975
674,2339.6619718309857,1539.7464788732395,71.0,39.95774459838867,153.0,36.0,0.9824875555626424,False,40.669975
675,2340.6447978793904,831.3127899271041,1509.0,44.20676040649414,216.0,40.0,1.0869630507841848,False,40.669975
676,2341.301886792453,1524.0566037735848,106.0,37.39622497558594,119.0,32.5,0.9195044923785736,False,40.669975
677,2348.231638418079,1583.2703793381759,1239.0,43.519775390625,217.0,41.0,1.070071350921409,False,40.669975
678,2344.4655172413795,1100.896551724138,58.0,40.034481048583984,111.0,37.5,0.9843743639431631,False,40.669975
679,2344.75,1491.7692307692307,52.0,32.21154022216797,114.0,28.0,0.7920226161879454,False,40.669975
681,2347.857894736842,1080.6631578947367,190.0,41.31052780151367,179.0,35.0,1.015750010083113,False,40.669975
682,2351.340425531915,998.0053191489362,188.0,27.617021560668945,123.0,24.0,0.6790518403322644,False,40.669975
683,2353.7262479871174,920.0756843800322,621.0,36.76328659057617,149.0,34.0,0.9039416999096741,False,40.669975
684,2356.450980392157,1460.1808278867102,459.0,27.629629135131836,94.0,25.0,0.6793618374339556,False,40.669975
685,2354.116504854369,1544.111650485437,206.0,40.15048599243164,131.0,36.0,0.9872267124643221,False,40.669975
686,2354.5555555555557,866.3111111111111,135.0,43.43703842163086,142.0,42.0,1.0680370008038351,False,40.669975
688,2354.823529411765,883.9495798319327,119.0,37.42856979370117,120.0,37.0,0.9202997920533814,False,40.669975
690,2363.0757575757575,1063.439393939394,66.0,41.16666793823242,118.0,43.0,1.012212760249836,False,40.669975
692,2365.430463576159,901.1456953642385,151.0,37.76158905029297,116.0,31.0,0.9284881239688259,False,40.669975
693,2366.7755102040815,1490.5408163265306,98.0,33.45918273925781,100.0,32.0,0.8226998543341909,False,40.669975
694,2368.625550660793,856.3942731277533,454.0,41.3546257019043,149.0,38.0,1.016834296466033,False,40.669975
695,2373.6915584415583,1472.9383116883116,308.0,25.373376846313477,72.0,24.0,0.6238847373560108,False,40.669975
696,2371.8653846153848,973.598076923077,520.0,25.951923370361328,87.0,23.0,0.6381101338568423,False,40.669975
697,2372.22,1112.08,100.0,44.220001220703125,130.0,41.0,1.0872886180882606,False,40.669975
698,2370.6835443037976,989.3270042194093,474.0,23.303796768188477,83.0,22.0,0.5729975641074945,False,40.669975
699,2372.530612244898,1514.061224489796,98.0,33.84693908691406,102.0,30.5,0.8322340707918948,False,40.669975
700,2368.7545691906007,954.4503916449086,766.0,30.586162567138672,107.0,28.0,0.7520575647265507,False,40.669975
701,2379.0516129032258,1569.7333333333333,930.0,43.407527923583984,140.0,40.0,1.067311391854158,False,40.669975
702,2377.7976190476193,876.5833333333334,84.0,36.91666793823242,93.0,32.0,0.9077130655571178,False,40.669975
703,2380.470588235294,897.3039215686274,102.0,37.89215850830078,106.0,35.0,0.9316985871448282,False,40.669975
704,2378.4981549815498,1531.1881918819188,271.0,38.261993408203125,139.0,35.0,0.940792148115771,False,40.669975
705,2385.9896296296297,937.7377777777778,675.0,33.01481628417969,109.0,30.0,0.8117736993018734,False,40.669975
706,2389.9147727272725,1502.6079545454545,176.0,32.693180084228516,130.0,30.5,0.8038652558437502,False,40.669975
707,2395.532951289398,1106.0114613180515,349.0,43.46704864501953,158.0,40.0,1.0687748970819002,False,40.669975
708,2397.751479289941,1449.9378698224853,338.0,31.591716766357422,85.0,30.5,0.7767822957419248,False,40.669975
709,2397.0980926430516,1536.6675749318802,367.0,38.340599060058594,151.0,36.0,0.942724916732246,False,40.669975
710,2404.422794117647,958.7683823529412,272.0,29.819852828979492,106.0,29.0,0.7332154156259174,False,40.669975
711,2404.2843137254904,1496.5882352941176,102.0,32.45098114013672,100.0,30.0,0.7979100286172817,False,40.669975
712,2407.3832923832924,1466.7936117936117,407.0,25.4422607421875,77.0,24.0,0.6255784658473238,False,40.669975
714,2415.2983425414363,1545.4806629834254,181.0,41.32044219970703,147.0,39.0,1.0159937869264701,False,40.669975
716,2419.28417721519,1149.6791139240506,1580.0,44.548099517822266,185.0,42.0,1.0953559526478254,False,40.669975
717,2415.671171171171,1559.1891891891892,222.0,41.92792892456055,129.0,38.0,1.030930769815193,False,40.669975
718,2419.0534493474206,2248.88937228092,1609.0,50.18023681640625,216.0,47.0,1.2338398651582956,False,40.669975
719,2425.324731182796,1519.363440860215,930.0,38.29139709472656,144.0,36.0,0.9415151307662509,False,40.669975
720,2422.640625,1433.3203125,128.0,36.6328125,141.0,33.5,0.9007335816436693,False,40.669975
721,2427.0402500976943,2250.6440015631106,2559.0,48.9710807800293,180.0,46.0,1.2041089388907076,False,40.669975
722,2426.9936305732485,1475.5350318471337,157.0,27.324840545654297,100.0,26.0,0.6718676457760199,False,40.669975
723,2427.9453262786596,1571.8977072310406,567.0,43.202823638916016,127.0,41.0,1.0622780894423711,False,40.669975
724,2434.659090909091,1429.6742424242425,132.0,46.81060791015625,454.0,33.0,1.150986878821617,False,40.669975
725,2437.858695652174,1499.4347826086957,92.0,31.184782028198242,113.0,28.0,0.7667765178836906,False,40.669975
726,2446.94064203513,1032.1780738946093,3302.0,31.993337631225586,159.0,29.0,0.7866574152150893,False,40.669975
728,2448.1098901098903,1574.3758241758242,455.0,38.81977844238281,128.0,36.0,0.954507057710111,False,40.669975
729,2448.820895522388,1159.6965174129352,201.0,41.63681411743164,141.0,40.0,1.0237727913527224,False,40.669975
730,2452.9320388349515,1439.6019417475727,103.0,37.96116638183594,131.0,35.0,0.9333953640191383,False,40.669975
732,2456.126213592233,1176.4660194174758,103.0,42.6019401550293,153.0,41.0,1.0475034681218864,False,40.669975
733,2472.9372384937237,1064.9194560669457,1912.0,37.674686431884766,142.0,35.0,0.926351348182554,False,40.669975
734,2455.3533333333335,1103.5179310344827,4350.0,41.530574798583984,182.0,39.0,1.021160561615324,False,40.669975
735,2462.860824742268,1517.3350515463917,194.0,36.80927658081055,118.0,34.0,0.9050725093069478,False,40.669975
737,2464.1819960861058,1559.972602739726,511.0,43.13502883911133,152.0,40.0,1.0606111398232314,False,40.669975
738,2463.782608695652,1866.0144927536232,69.0,35.91304397583008,121.0,33.0,0.8830357955200964,False,40.669975
739,2467.831313131313,1375.659595959596,990.0,41.15757751464844,143.0,37.0,1.0119892434288587,False,40.669975
740,2469.4830508474574,1454.093220338983,118.0,29.440677642822266,85.0,28.0,0.7238921941698033,False,40.669975
741,2468.405693950178,1466.594306049822,281.0,26.583629608154297,70.0,25.0,0.6536426300885719,False,40.669975
742,2473.5942028985505,1417.159420289855,69.0,39.5217399597168,123.0,37.0,0.9717670022389201,False,40.669975
743,2475.5174825174827,1442.5804195804196,143.0,35.02797317504883,91.0,32.0,0.8612735299993716,False,40.669975
744,2479.8651685393256,1479.056179775281,89.0,26.898876190185547,74.0,27.0,0.6613939645768516,False,40.669975
745,2481.2388059701493,1351.7462686567164,134.0,46.49253845214844,150.0,45.0,1.1431661349974065,False,40.669975
746,2481.1692307692306,1862.0564102564103,195.0,41.097434997558594,151.0,37.0,1.0105104493879316,False,40.669975
747,2486.672268907563,1541.2268907563025,476.0,40.800418853759766,144.0,37.0,1.0032073678948055,False,40.669975
749,2487.9811320754716,1522.5377358490566,106.0,39.858489990234375,130.0,40.0,0.9800470670334731,False,40.669975
750,2497.9934210526317,1369.4605263157894,304.0,42.855262756347656,167.0,38.0,1.0537322056504828,False,40.669975
751,2499.703703703704,1349.1728395061727,162.0,46.1728401184082,160.0,44.5,1.1353053401104358,False,40.669975
752,2499.891304347826,1185.0108695652175,92.0,46.39130401611328,123.0,45.0,1.1406769661366858,False,40.669975
753,2501.5862068965516,1859.9770114942528,87.0,43.78160858154297,105.0,36.0,1.0765093482181967,False,40.669975
754,2509.474006116208,1249.0159021406728,1635.0,71.37553405761719,3337.0,47.0,1.7549932982472267,False,40.669975
755,2512.049295774648,1534.556338028169,142.0,39.21831130981445,108.0,39.5,0.964306248997551,False,40.669975
756,2511.3098591549297,1874.281690140845,142.0,41.908451080322266,129.0,40.0,1.03045184539727,False,40.669975
757,2516.068181818182,1191.4545454545455,132.0,47.25757598876953,128.0,47.0,1.161977002998671,False,40.669975
758,2519.9189189189187,1476.855855855856,111.0,28.513513565063477,72.0,26.0,0.7010949322743094,False,40.669975
760,2526.4093023255814,1871.827906976744,215.0,40.99069595336914,126.0,39.0,1.0078859323221456,False,40.669975
761,2528.4728682170544,1199.3410852713178,129.0,44.643409729003906,168.0,38.0,1.0976994556994912,False,40.669975
763,2537.6447368421054,1185.703947368421,152.0,42.77631759643555,124.0,38.0,1.051791089154416,False,40.669975
764,2543.2536997885836,966.1479915433404,473.0,30.363636016845703,111.0,27.0,0.7465860455344003,False,40.669975
765,2538.4033771106942,1524.9549718574108,533.0,38.090057373046875,133.0,36.0,0.9365645567791817,False,40.669975
766,2543.3664122137407,1067.4885496183206,131.0,42.90076446533203,140.0,41.0,1.0548510091085683,False,40.669975
767,2550.8,1104.3157894736842,95.0,38.77894592285156,147.0,34.0,0.953503061045511,False,40.669975
769,2557.4,994.3942857142857,175.0,25.77142906188965,97.0,22.0,0.6336721102970626,False,40.669975
770,2562.752380952381,959.1428571428571,105.0,31.457143783569336,93.0,30.0,0.7734733932442205,False,40.669975
771,2561.811392405063,1177.8632911392406,790.0,46.18354415893555,147.0,42.0,1.1355685328085738,False,40.669975
772,2563.7884615384614,1069.5448717948718,156.0,39.35897445678711,116.0,39.0,0.9677648974477061,False,40.669975
773,2561.56006006006,1131.1981981981983,666.0,43.20420455932617,155.0,40.0,1.0623120437391371,False,40.669975
774,2569.5050505050503,1010.6464646464647,99.0,30.030303955078125,100.0,29.0,0.7383900223141635,False,40.669975
775,2566.628205128205,2049.051282051282,78.0,42.28205108642578,107.0,38.0,1.0396379834149205,False,40.669975
776,2569.1102362204724,1152.7795275590552,127.0,43.56692886352539,139.0,40.0,1.071230768220654,False,40.669975
777,2575.3972602739727,963.2876712328767,73.0,30.26027488708496,94.0,25.0,0.7440445851807316,False,40.669975
778,2581.8991596638657,1023.7983193277311,119.0,32.53781509399414,101.0,28.0,0.800045116068355,False,40.669975
780,2586.6567164179105,1099.4925373134329,67.0,48.89552307128906,143.0,50.0,1.2022511135977578,False,40.669975
781,2586.5333333333333,1159.6666666666667,120.0,49.13333511352539,129.0,45.0,1.208098474964334,False,40.669975
782,2591.883116883117,967.3766233766233,154.0,27.837661743164062,89.0,25.5,0.6844769772046609,False,40.669975
783,2582.4668316831685,1543.1777227722773,4040.0,41.47128677368164,181.0,38.0,1.019702777967976,False,40.669975
785,2595.038961038961,1138.7272727272727,77.0,42.818180084228516,170.0,42.0,1.052820410846991,False,40.669975
786,2593.9814814814813,1031.7407407407406,54.0,31.148147583007812,99.0,26.0,0.7658757441571877,False,40.669975
790,2612.8358208955224,927.1194029850747,67.0,39.13432693481445,95.0,36.0,0.9622412274572077,False,40.669975
791,2611.972972972973,974.6891891891892,74.0,25.756755828857422,89.0,24.0,0.6333113224448219,False,40.669975
792,2609.858757062147,1035.6553672316384,177.0,35.75706100463867,93.0,33.0,0.8792004607279164,False,40.669975
793,2620.9830508474574,978.1186440677966,59.0,23.237287521362305,57.0,21.0,0.5713622238751233,False,40.669975
795,2620.3956834532373,1078.6906474820144,139.0,47.62590026855469,149.0,42.0,1.1710334205952506,False,40.669975
796,2631.4134615384614,983.1538461538462,104.0,23.759614944458008,65.0,22.0,0.5842052959323315,False,40.669975
797,2629.3050847457625,1067.1186440677966,59.0,45.813560485839844,112.0,44.0,1.1264713137780347,False,40.669975
798,2636.072072072072,1042.2342342342342,111.0,38.97297286987305,109.0,37.0,0.9582738273339593,False,40.669975
800,2640.372549019608,1164.0392156862745,51.0,55.117645263671875,153.0,52.0,1.3552416711141793,False,40.669975
801,2641.402898550725,2196.6898550724636,345.0,48.1942024230957,165.0,46.0,1.185006926864133,False,40.669975
802,2647.410714285714,1055.4464285714287,168.0,38.095237731933594,103.0,36.0,0.9366919322902548,False,40.669975
803,2647.176470588235,1107.0529411764705,170.0,47.44117736816406,181.0,44.0,1.1664914237261745,False,40.669975
804,2649.181818181818,1093.3333333333333,66.0,41.45454406738281,128.0,39.0,1.019291105568786,False,40.669975
805,2651.8216666666667,2226.266666666667,600.0,48.27000045776367,161.0,42.0,1.1868706613302769,False,40.669975
806,2656.009836065574,2146.104918032787,305.0,48.64262390136719,175.0,45.0,1.1960327874695513,False,40.669975
807,2658.6935483870966,1010.3064516129032,62.0,29.822580337524414,109.0,23.5,0.7332824800518507,False,40.669975
808,2657.811475409836,1186.327868852459,122.0,47.38524627685547,206.0,40.5,1.1651161809107442,False,40.669975
809,2659.3548387096776,1997.720430107527,93.0,36.7634391784668,112.0,33.0,0.9039454517656703,False,40.669975
810,2666.4285714285716,1003.6785714285714,168.0,27.363094329833984,91.0,25.0,0.672808236074283,False,40.669975
811,2660.7764705882355,2090.5529411764705,85.0,47.329410552978516,129.0,44.0,1.1637432830053116,False,40.669975
812,2662.0,1043.5762711864406,59.0,41.050846099853516,201.0,34.0,1.0093649139558725,False,40.669975
813,2663.757575757576,2013.2272727272727,132.0,37.34848403930664,112.0,35.5,0.9183306304337427,False,40.669975
814,2663.4873949579833,1115.8319327731092,119.0,45.882354736328125,132.0,41.0,1.12816283805395,False,40.669975
815,2665.6106194690265,2126.9380530973453,113.0,48.00885009765625,153.0,44.0,1.1804494535890724,False,40.669975
816,2667.92,2040.676,250.0,42.16400146484375,125.0,39.5,1.0367353600234115,False,40.669975
817,2667.5817174515237,2067.5484764542934,361.0,44.407203674316406,145.0,40.0,1.091891582617276,False,40.669975
818,2671.810344827586,1194.2758620689656,58.0,53.034481048583984,147.0,51.0,1.3040204888855955,False,40.669975
819,2676.767441860465,1024.5813953488373,129.0,34.41860580444336,98.0,29.0,0.8462903054854949,False,40.669975
820,2681.753846153846,1864.4,130.0,39.33076858520508,111.0,36.0,0.967071366866797,False,40.669975
821,2709.871104387292,1581.1010590015128,3305.0,46.186988830566406,200.0,43.0,1.1356532309576894,False,40.669975
822,2690.948275862069,1782.7586206896551,58.0,43.931034088134766,110.0,41.5,1.0801834469989373,False,40.669975
823,2694.453703703704,1214.8086419753085,324.0,49.907405853271484,176.0,47.0,1.227131452840577,False,40.669975
824,2697.309090909091,1843.7181818181818,110.0,43.990909576416016,132.0,43.0,1.081655675291871,False,40.669975
826,2702.1159420289855,1229.4202898550725,69.0,45.40579605102539,119.0,41.0,1.1164451352028206,False,40.669975
827,2711.2923076923075,1826.1692307692308,65.0,45.69230651855469,140.0,44.0,1.1234899014106041,False,40.669975
828,2718.5857142857144,1908.7142857142858,140.0,40.24285888671875,131.0,35.0,0.98949799228806,False,40.669975
829,2720.450980392157,1814.235294117647,51.0,45.3725471496582,131.0,35.0,1.1156276057812349,False,40.669975
830,2727.266990291262,1258.7572815533981,206.0,50.03398132324219,145.0,47.5,1.2302437111858773,False,40.669975
831,2729.951612903226,1895.467741935484,62.0,44.129032135009766,161.0,44.5,1.0850518553396884,False,40.669975
832,2731.6315789473683,1792.4561403508771,57.0,46.49122619628906,149.0,43.0,1.1431338690358386,False,40.669975
833,2740.1157894736843,1276.7526315789473,190.0,45.80526351928711,147.0,42.5,1.1262673066082378,False,40.669975
834,2739.8926174496646,1771.744966442953,149.0,48.71141052246094,149.0,44.0,1.1977241241526668,False,40.669975
835,2739.5436893203882,1884.5242718446602,103.0,42.22330093383789,119.0,39.0,1.0381934250599594,False,40.669975
837,2751.8429752066118,1739.5867768595042,121.0,45.84297561645508,138.0,38.0,1.1271945778177141,False,40.669975
838,2761.4765625,1317.1015625,128.0,44.8125,139.0,38.5,1.1018570749217504,False,40.669975
839,2761.3076923076924,1710.8021978021977,91.0,47.483516693115234,132.0,47.0,1.1675324699687377,False,40.669975
840,2779.3898305084745,1365.7966101694915,59.0,38.37288284301758,122.0,33.0,0.9435187156646554,False,40.669975
841,2786.4423076923076,1381.673076923077,52.0,35.03845977783203,85.0,32.5,0.8615313763027147,False,40.669975
842,2835.158362989324,1206.784697508897,562.0,52.89679718017578,226.0,50.0,1.3006350954237675,False,40.669975
