structure_name,left_cell_count,right_cell_count,total_cells,left_volume_mm3,right_volume_mm3,total_volume_mm3,left_cells_per_mm3,right_cells_per_mm3
Gigantocellular reticular nucleus,3000.0,3441.0,6441.0,1.53498,1.4968169999999998,3.031797,1954.422858929758,2298.878219581953
"Primary somatosensory area, lower limb, layer 5",1579.0,984.0,2563.0,0.29294499999999996,0.255079,0.5480240000000001,5390.090289986176,3857.6284209989844
Pontine reticular nucleus,1307.0,1131.0,2438.0,1.453813,1.605263,3.0590759999999997,899.0152103468603,704.5574463499127
Red nucleus,894.0,657.0,1551.0,0.419419,0.44441400000000003,0.863833,2131.5200312813677,1478.3512670617936
"Primary motor area, Layer 6a",641.0,823.0,1464.0,1.313117,1.200102,2.513219,488.151474697228,685.7750424547247
"Primary motor area, Layer 5",1064.0,357.0,1421.0,1.4035540000000002,1.2750439999999998,2.678598,758.0755710147239,279.9903375883499
"Pontine reticular nucleus, caudal part",793.0,610.0,1403.0,1.6418579999999998,1.74103,3.3828879999999995,482.9893937234524,350.36731130422794
"Primary somatosensory area, trunk, layer 6a",691.0,577.0,1268.0,0.100411,0.095151,0.19556199999999999,6881.716146637321,6064.045569673466
Magnocellular reticular nucleus,641.0,441.0,1082.0,0.248678,0.238414,0.487092,2577.6305101376074,1849.7235900576309
Pons,611.0,381.0,992.0,1.630873,1.6377849999999998,3.2686580000000003,374.6459718200007,232.63126722982568
"Primary somatosensory area, lower limb, layer 6a",313.0,667.0,980.0,0.292825,0.252828,0.5456529999999999,1068.8978058567404,2638.157166136662
Midbrain reticular nucleus,547.0,302.0,849.0,2.852624,2.887727,5.740351,191.75327698287612,104.58052302035476
"Retrosplenial area, lateral agranular part, layer 6a",439.0,345.0,784.0,0.208211,0.191186,0.399397,2108.4380748375447,1804.5254359628843
"Paragigantocellular reticular nucleus, lateral part",305.0,376.0,681.0,0.355927,0.373531,0.7294579999999999,856.9172892194186,1006.609893154785
Intermediate reticular nucleus,192.0,393.0,585.0,2.11176,2.132916,4.244676,90.9194226616661,184.25479484424142
Hypothalamus,310.0,270.0,580.0,1.356933,1.33574,2.692673,228.4563792022156,202.13514606135925
crossed tectospinal pathway,254.0,298.0,552.0,0.261655,0.263164,0.5248189999999999,970.7439185186599,1132.3737289294888
Lateral hypothalamic area,275.0,271.0,546.0,0.881416,0.8855839999999999,1.767,311.99796690779385,306.01275542466897
"Medullary reticular nucleus, dorsal part",268.0,228.0,496.0,0.805616,0.87725,1.682866,332.6646938491788,259.9031062980906
"Lateral reticular nucleus, magnocellular part",165.0,269.0,434.0,0.259231,0.292636,0.551867,636.4979497050894,919.2307166582375
"Medullary reticular nucleus, ventral part",210.0,221.0,431.0,0.48915,0.514284,1.003434,429.3161606869059,429.72365463440434
Pedunculopontine nucleus,203.0,206.0,409.0,0.537311,0.569754,1.107065,377.8072661828997,361.55955026204293
Pontine central gray,172.0,215.0,387.0,0.275308,0.280987,0.556295,624.7548200560826,765.1599540192251
Nucleus raphe magnus,253.0,126.0,379.0,0.051157,0.050876,0.102033,4945.559747444143,2476.609796367639
"Paraventricular hypothalamic nucleus, descending division",127.0,251.0,378.0,0.08874599999999999,0.094804,0.18355,1431.0504135397653,2647.5676131808787
Dorsomedial nucleus of the hypothalamus,182.0,154.0,336.0,0.245995,0.24971500000000002,0.49571000000000004,739.8524360251225,616.7030414672727
Medulla,186.0,141.0,327.0,2.344971,2.3517,4.6966709999999985,79.31867814143543,59.956627120806225
Laterodorsal tegmental nucleus,150.0,145.0,295.0,0.091008,0.09578500000000001,0.18679300000000001,1648.2067510548522,1513.806963512032
Paraventricular hypothalamic nucleus,61.0,193.0,254.0,0.13744299999999998,0.16983099999999998,0.30727399999999994,443.8203473439899,1136.423856657501
Sublaterodorsal nucleus,74.0,77.0,151.0,0.02211,0.023395,0.045505000000000004,3346.9018543645407,3291.301560162428
Spinal vestibular nucleus,66.0,80.0,146.0,0.446413,0.41147100000000003,0.857884,147.84515683907054,194.42439442876895
"Secondary motor area, layer 6a",55.0,87.0,142.0,1.066358,1.055654,2.122012,51.577425217422295,82.41336650076634
Periaqueductal gray,69.0,58.0,127.0,2.058401,2.044071,4.102472,33.52116521513544,28.374748235261883
"Anterior area, layer 6a",59.0,61.0,120.0,0.094342,0.09078,0.185122,625.3842403171441,671.9541749283983
Nucleus of the solitary tract,55.0,62.0,117.0,0.64994,0.622786,1.272726,84.6231959873219,99.55265532622764
Midbrain,61.0,48.0,109.0,3.199957,3.087314,6.287271,19.062756155785845,15.547495330892808
Interstitial nucleus of Cajal,65.0,38.0,103.0,0.037252999999999994,0.038943,0.076196,1744.8259200601296,975.7851218447474
superior cerebelar peduncles,41.0,53.0,94.0,0.208229,0.219145,0.427374,196.8986068222966,241.84900408405392
Parapyramidal nucleus,53.0,34.0,87.0,0.044227,0.043062,0.08728899999999999,1198.3629909331403,789.5592401653429
Nucleus raphe obscurus,35.0,46.0,81.0,0.016430999999999998,0.016340999999999998,0.032772,2130.1198953198227,2815.005201640047
Medial vestibular nucleus,36.0,36.0,72.0,0.950256,0.9239850000000001,1.874241,37.88452795878163,38.96167145570545
Posterior hypothalamic nucleus,30.0,29.0,59.0,0.393154,0.399637,0.792791,76.30597679280892,72.56585351206219
Zona incerta,34.0,25.0,59.0,0.779866,0.726826,1.506692,43.597233370861154,34.39612782151437
Subceruleus nucleus,47.0,12.0,59.0,0.013027,0.013241,0.026268,3607.891302679051,906.2759610301338
medial lemniscus,53.0,2.0,55.0,0.319789,0.316045,0.635834,165.7342810415618,6.328212754512807
"Periventricular hypothalamic nucleus, intermediate part",11.0,43.0,54.0,0.186723,0.245951,0.432674,58.91079299282895,174.83157214241862
Ventromedial hypothalamic nucleus,32.0,18.0,50.0,0.316163,0.314601,0.6307639999999999,101.21361449631993,57.215329894056275
Barrington's nucleus,32.0,15.0,47.0,0.006652,0.006887000000000001,0.013539,4810.583283223091,2178.016552925802
Facial motor nucleus,37.0,9.0,46.0,0.444895,0.476048,0.9209430000000001,83.16569078097079,18.905656572446475
"Primary somatosensory area, trunk, layer 5",44.0,2.0,46.0,0.15207199999999998,0.137022,0.289094,289.3366300173602,14.596196231262132
Cuneate nucleus,18.0,26.0,44.0,0.236328,0.232983,0.469311,76.16532954199248,111.59612503916595
rubrospinal tract,35.0,6.0,41.0,0.24785700000000002,0.242288,0.490145,141.21045602908129,24.763917321534702
Ventral cochlear nucleus,27.0,13.0,40.0,0.415882,0.331507,0.7473890000000001,64.92226160305087,39.2148582081223
"Superior olivary complex, lateral part",15.0,24.0,39.0,0.18492,0.194547,0.379467,81.11615833874107,123.36350599084027
Hypoglossal nucleus,16.0,22.0,38.0,0.17166800000000002,0.167652,0.33931999999999995,93.20315958711,131.2242025147329
Lateral vestibular nucleus,21.0,14.0,35.0,0.15075999999999998,0.120696,0.27145600000000003,139.29424250464317,115.99390203486446
medial longitudinal fascicle,15.0,16.0,31.0,0.06820799999999999,0.068163,0.136371,219.91555242786774,234.7314525475698
Gracile nucleus,14.0,14.0,28.0,0.042660000000000003,0.041969,0.084629,328.1762775433661,333.57954680835854
Edinger-Westphal nucleus,8.0,18.0,26.0,0.010773,0.010805,0.021578,742.597233825304,1665.8954187875984
"Anterior cingulate area, dorsal part, layer 5",24.0,2.0,26.0,0.5471689999999999,0.499414,1.046583,43.86213400247456,4.004693500782917
Supratrigeminal nucleus,17.0,9.0,26.0,0.125813,0.128885,0.254698,135.12117189797556,69.82969313729294
"Secondary motor area, layer 5",13.0,8.0,21.0,1.913201,1.80855,3.7217510000000003,6.794895047619147,4.423433137043488
"Gustatory areas, layer 5",9.0,12.0,21.0,0.209619,0.21197800000000003,0.421597,42.93503928556095,56.60964817103661
"Supplemental somatosensory area, layer 5",0.0,20.0,20.0,0.700687,0.797512,1.498199,0.0,25.077992556851807
Peritrigeminal zone,18.0,2.0,20.0,0.17664100000000002,0.195949,0.37259000000000003,101.90159702447336,10.206737467402231
Tuberal nucleus,8.0,10.0,18.0,0.234729,0.233828,0.46855699999999995,34.08185609788309,42.766477923944095
lateral lemniscus,13.0,5.0,18.0,0.371925,0.36007,0.731995,34.95328359212207,13.886188796622879
Nucleus of Darkschewitsch,12.0,5.0,17.0,0.0416,0.0428,0.0844,288.46153846153845,116.82242990654206
Inferior olivary complex,3.0,14.0,17.0,0.191144,0.204648,0.39579200000000003,15.694973423178336,68.41014815683515
Parvicellular reticular nucleus,6.0,10.0,16.0,1.440484,1.412259,2.8527430000000003,4.165266674256708,7.080854149274319
Parabrachial nucleus,8.0,7.0,15.0,0.413195,0.42179799999999995,0.834993,19.361318505790244,16.595621600861076
solitary tract,3.0,11.0,14.0,0.007305,0.007051000000000001,0.014356,410.6776180698152,1560.0624024960996
Nucleus x,2.0,7.0,9.0,0.027198000000000003,0.025268000000000002,0.052466,73.53481873667181,277.03023587145793
Locus ceruleus,3.0,5.0,8.0,0.006279,0.006206000000000001,0.012485,477.78308647873865,805.6719303899451
columns of the fornix,2.0,6.0,8.0,0.123521,0.113375,0.236896,16.191578759886983,52.92171995589857
Cerebellum,4.0,3.0,7.0,0.356002,0.345781,0.701783,11.235891933191388,8.676011695263766
"Superior olivary complex, medial part",0.0,7.0,7.0,0.13311299999999998,0.13053499999999998,0.263648,0.0,53.625464434825915
Superior central nucleus raphe,3.0,4.0,7.0,0.300442,0.305411,0.605853,9.985288341843019,13.097105212320447
"Anterior cingulate area, dorsal part, layer 6a",6.0,1.0,7.0,0.361389,0.341361,0.70275,16.602608269759177,2.9294500543412982
"Temporal association areas, layer 5",0.0,6.0,6.0,0.317154,0.316254,0.633408,0.0,18.97209205259064
"Ventral auditory area, layer 2/3",0.0,6.0,6.0,0.146028,0.191347,0.337375,0.0,31.3566452570461
optic chiasm,6.0,0.0,6.0,0.10994200000000001,0.11225,0.222192,54.57423004857106,0.0
Dorsal cochlear nucleus,0.0,5.0,5.0,0.218888,0.202759,0.42164700000000005,0.0,24.659817813265995
"Temporal association areas, layer 2/3",1.0,4.0,5.0,0.31506300000000004,0.311761,0.6268239999999999,3.173968380926989,12.830341190848117
Principal sensory nucleus of the trigeminal,2.0,3.0,5.0,0.404473,0.34881100000000004,0.7532840000000001,4.9447058270885815,8.600646195217466
"Retrosplenial area, dorsal part, layer 6a",2.0,2.0,4.0,0.37811300000000003,0.34334000000000003,0.7214529999999999,5.289424061061111,5.8251296091338025
"Superior olivary complex, periolivary region",2.0,2.0,4.0,0.21341500000000002,0.22560100000000002,0.439016,9.371412506149989,8.865208930811477
Flocculus,0.0,4.0,4.0,0.56311,0.379186,0.9422959999999999,0.0,10.548912670826454
"Agranular insular area, posterior part, layer 5",4.0,0.0,4.0,0.298533,0.28371,0.5822430000000001,13.398853728063564,0.0
"Temporal association areas, layer 4",4.0,0.0,4.0,0.120672,0.11817000000000001,0.238842,33.147706178732435,0.0
Medial accesory oculomotor nucleus,3.0,1.0,4.0,0.00735,0.0073929999999999985,0.014743000000000001,408.16326530612247,135.2630867036386
"Spinal nucleus of the trigeminal, caudal part",4.0,0.0,4.0,1.204142,1.333971,2.538113,3.3218673545146666,0.0
"Visceral area, layer 5",0.0,3.0,3.0,0.238242,0.243391,0.481633,0.0,12.325846066617089
Parvicellular motor 5 nucleus,3.0,0.0,3.0,0.027676999999999997,0.026391,0.054068,108.39325071358891,0.0
Subparaventricular zone,3.0,0.0,3.0,0.06108,0.06356099999999999,0.124641,49.11591355599214,0.0
pyramid,3.0,0.0,3.0,0.23217600000000002,0.218514,0.45069,12.921232168699605,0.0
Motor nucleus of trigeminal,0.0,3.0,3.0,0.17277099999999998,0.160581,0.333352,0.0,18.682160405029236
Nucleus raphe pontis,3.0,0.0,3.0,0.052166,0.052019,0.10418499999999999,57.50872215619369,0.0
Nucleus of the lateral lemniscus,0.0,3.0,3.0,0.30022,0.27681300000000003,0.5770329999999999,0.0,10.837641295748393
"Entorhinal area, lateral part, layer 5",0.0,2.0,2.0,0.636289,0.521807,1.158096,0.0,3.832834745413534
"Dorsal auditory area, layer 5",0.0,2.0,2.0,0.106262,0.13253299999999998,0.238795,0.0,15.09058121373545
Medial preoptic nucleus,0.0,2.0,2.0,0.181976,0.184351,0.366327,0.0,10.848869818986607
fasciculus retroflexus,0.0,2.0,2.0,0.078306,0.079663,0.157969,0.0,25.105758005598585
"Ventral auditory area, layer 5",0.0,2.0,2.0,0.16726,0.211128,0.378388,0.0,9.472926376416202
"Anterior area, layer 6b",0.0,2.0,2.0,0.017013,0.016399,0.033412,0.0,121.9586560156107
"Entorhinal area, medial part, dorsal zone, layer 5",0.0,2.0,2.0,0.397468,0.332835,0.7303029999999999,0.0,6.0089834302281915
Ectorhinal area/Layer 5,1.0,1.0,2.0,0.192434,0.184683,0.377117,5.196586881736076,5.414683538820573
fiber tracts,2.0,0.0,2.0,0.688801,0.6626449999999999,1.351446,2.9035962491343654,0.0
sensory root of the trigeminal nerve,2.0,0.0,2.0,0.16652799999999998,0.189074,0.355602,12.00999231360492,0.0
choroid plexus,2.0,0.0,2.0,0.7443139999999999,0.653716,1.39803,2.6870379974043215,0.0
"Entorhinal area, lateral part, layer 6a",2.0,0.0,2.0,0.42804,0.342216,0.7702559999999999,4.672460517708625,0.0
dorsal spinocerebellar tract,1.0,0.0,1.0,0.063965,0.064175,0.12813999999999998,15.6335495974361,0.0
"Anterior area, layer 5",1.0,0.0,1.0,0.144612,0.138257,0.282869,6.91505545874478,0.0
Ectorhinal area/Layer 6a,1.0,0.0,1.0,0.12395,0.11981099999999999,0.243761,8.067769261799112,0.0
"Primary somatosensory area, upper limb, layer 5",1.0,0.0,1.0,0.395934,0.354152,0.7500859999999999,2.525673470830997,0.0
"Prelimbic area, layer 5",1.0,0.0,1.0,0.376727,0.365194,0.7419209999999999,2.654442076092237,0.0
"Prelimbic area, layer 6a",0.0,1.0,1.0,0.181172,0.200836,0.382008,0.0,4.97918699834691
"Supplemental somatosensory area, layer 2/3",0.0,1.0,1.0,0.9233020000000001,1.030872,1.954174,0.0,0.9700525380454605
"Supplemental somatosensory area, layer 1",0.0,1.0,1.0,0.625529,0.6315379999999999,1.257067,0.0,1.5834359927668646
Accessory facial motor nucleus,0.0,1.0,1.0,0.0038229999999999996,0.00424,0.008062999999999999,0.0,235.8490566037736
"Entorhinal area, medial part, dorsal zone, layer 3",0.0,1.0,1.0,0.41665100000000005,0.365325,0.781976,0.0,2.7372887155272703
"Tuberomammillary nucleus, ventral part",0.0,0.0,0.0,0.037365,0.036075,0.07343999999999999,0.0,0.0
"Primary somatosensory area, mouth, layer 6b",0.0,0.0,0.0,0.045448,0.043709,0.08915699999999999,0.0,0.0
internal capsule,0.0,0.0,0.0,0.9557610000000001,0.89764,1.853401,0.0,0.0
"Superior colliculus, motor related, intermediate gray layer",0.0,0.0,0.0,0.8951129999999999,0.8533689999999999,1.748482,0.0,0.0
Interfascicular nucleus raphe,0.0,0.0,0.0,0.039446,0.037806,0.07725199999999999,0.0,0.0
Parataenial nucleus,0.0,0.0,0.0,0.128827,0.12814,0.256967,0.0,0.0
"Superior colliculus, motor related, intermediate white layer",0.0,0.0,0.0,0.995268,0.965742,1.96101,0.0,0.0
Induseum griseum,0.0,0.0,0.0,0.057818,0.058078,0.115896,0.0,0.0
"Entorhinal area, lateral part, layer 2",0.0,0.0,0.0,1.0133299999999998,0.8648859999999999,1.8782159999999999,0.0,0.0
Anterior amygdalar area,0.0,0.0,0.0,0.214991,0.21433400000000002,0.429325,0.0,0.0
"Superior colliculus, motor related, deep gray layer",0.0,0.0,0.0,0.604727,0.5792109999999999,1.183938,0.0,0.0
Intergeniculate leaflet of the lateral geniculate complex,0.0,0.0,0.0,0.036297,0.039016,0.07531299999999999,0.0,0.0
"Periventricular hypothalamic nucleus, anterior part",0.0,0.0,0.0,0.043583,0.050407,0.09399,0.0,0.0
"Primary visual area, layer 6a",0.0,0.0,0.0,0.452726,0.452334,0.9050600000000001,0.0,0.0
Oculomotor nucleus,0.0,0.0,0.0,0.012691,0.013071000000000001,0.025762,0.0,0.0
"Gustatory areas, layer 1",0.0,0.0,0.0,0.116987,0.123681,0.240668,0.0,0.0
"posteromedial visual area, layer 2/3",0.0,0.0,0.0,0.12219300000000001,0.122502,0.24469499999999997,0.0,0.0
"Superior colliculus, motor related, deep white layer",0.0,0.0,0.0,0.164105,0.15692599999999998,0.321031,0.0,0.0
Precommissural nucleus,0.0,0.0,0.0,0.079913,0.075224,0.155137,0.0,0.0
"Entorhinal area, lateral part, layer 3",0.0,0.0,0.0,0.679419,0.584276,1.263695,0.0,0.0
medial forebrain bundle,0.0,0.0,0.0,0.019794,0.019302,0.039096,0.0,0.0
Nucleus accumbens,0.0,0.0,0.0,1.907809,1.7535310000000002,3.66134,0.0,0.0
Medial terminal nucleus of the accessory optic tract,0.0,0.0,0.0,0.020704,0.021236,0.04194,0.0,0.0
Intermediodorsal nucleus of the thalamus,0.0,0.0,0.0,0.093639,0.098121,0.19176,0.0,0.0
Anterodorsal nucleus,0.0,0.0,0.0,0.094194,0.08832000000000001,0.182514,0.0,0.0
Lateral terminal nucleus of the accessory optic tract,0.0,0.0,0.0,0.0057740000000000005,0.007169999999999998,0.012944,0.0,0.0
"Frontal pole, layer 1",0.0,0.0,0.0,0.08221200000000001,0.091788,0.174,0.0,0.0
Anterodorsal preoptic nucleus,0.0,0.0,0.0,0.039046,0.041274,0.08032,0.0,0.0
"Lateral visual area, layer 6a",0.0,0.0,0.0,0.07309399999999999,0.078362,0.15145599999999998,0.0,0.0
Dorsal terminal nucleus of the accessory optic tract,0.0,0.0,0.0,0.005263,0.004574,0.009837,0.0,0.0
middle cerebellar peduncle,0.0,0.0,0.0,0.357012,0.363958,0.72097,0.0,0.0
lateral ventricle,0.0,0.0,0.0,1.150605,1.016366,2.166971,0.0,0.0
Anterior hypothalamic nucleus,0.0,0.0,0.0,0.351567,0.3371,0.6886669999999999,0.0,0.0
Interposed nucleus,0.0,0.0,0.0,0.397695,0.394637,0.7923319999999999,0.0,0.0
motor root of the trigeminal nerve,0.0,0.0,0.0,0.015617,0.017279,0.032895999999999995,0.0,0.0
"Temporal association areas, layer 1",0.0,0.0,0.0,0.273879,0.267149,0.541028,0.0,0.0
subependymal zone,0.0,0.0,0.0,0.065888,0.06568600000000001,0.131574,0.0,0.0
Interpeduncular nucleus,0.0,0.0,0.0,0.004764,0.00487,0.009634,0.0,0.0
nigrostriatal tract,0.0,0.0,0.0,0.049787,0.048647,0.09843400000000001,0.0,0.0
Inferior salivatory nucleus,0.0,0.0,0.0,0.004023,0.003607,0.00763,0.0,0.0
"Primary somatosensory area, lower limb, layer 2/3",0.0,0.0,0.0,0.292197,0.256686,0.548883,0.0,0.0
Trochlear nucleus,0.0,0.0,0.0,0.002957,0.002931,0.005888,0.0,0.0
"Agranular insular area, posterior part, layer 1",0.0,0.0,0.0,0.245975,0.23752600000000001,0.483501,0.0,0.0
"Lateral visual area, layer 6b",0.0,0.0,0.0,0.013788,0.014869,0.028657,0.0,0.0
Koelliker-Fuse subnucleus,0.0,0.0,0.0,0.07923,0.064079,0.143309,0.0,0.0
optic tract,0.0,0.0,0.0,0.279087,0.266438,0.545525,0.0,0.0
"Periventricular hypothalamic nucleus, posterior part",0.0,0.0,0.0,0.044675,0.041839,0.08651400000000001,0.0,0.0
third ventricle,0.0,0.0,0.0,0.584259,0.671391,1.25565,0.0,0.0
Lateral amygdalar nucleus,0.0,0.0,0.0,0.314189,0.336289,0.650478,0.0,0.0
"Prelimbic area, layer 6b",0.0,0.0,0.0,0.00891,0.009695,0.018605,0.0,0.0
"Periventricular hypothalamic nucleus, preoptic part",0.0,0.0,0.0,0.07245499999999999,0.073424,0.14587899999999998,0.0,0.0
cerebral aqueduct,0.0,0.0,0.0,0.145846,0.142083,0.287929,0.0,0.0
"Nucleus ambiguus, ventral division",0.0,0.0,0.0,0.014784,0.016255000000000002,0.031039,0.0,0.0
fourth ventricle,0.0,0.0,0.0,0.282988,0.27720500000000003,0.5601929999999999,0.0,0.0
"Gustatory areas, layer 4",0.0,0.0,0.0,0.06976399999999999,0.072062,0.141826,0.0,0.0
Paraventricular nucleus of the thalamus,0.0,0.0,0.0,0.24163600000000002,0.258482,0.5001180000000001,0.0,0.0
lateral recess,0.0,0.0,0.0,0.17447200000000002,0.15453499999999998,0.329007,0.0,0.0
Lateral dorsal nucleus of thalamus,0.0,0.0,0.0,0.5953269999999999,0.559847,1.155174,0.0,0.0
"Dorsal auditory area, layer 6a",0.0,0.0,0.0,0.057273000000000004,0.068469,0.12574200000000002,0.0,0.0
posterior commissure,0.0,0.0,0.0,0.022055,0.021039,0.043093999999999986,0.0,0.0
Anterior olfactory nucleus,0.0,0.0,0.0,2.000159,2.041608,4.041767,0.0,0.0
"Agranular insular area, posterior part, layer 2/3",0.0,0.0,0.0,0.411919,0.40217800000000004,0.8140970000000001,0.0,0.0
"central canal, spinal cord/medulla",0.0,0.0,0.0,0.000267,0.000261,0.000528,0.0,0.0
Nucleus prepositus,0.0,0.0,0.0,0.12286,0.12128,0.24414,0.0,0.0
"Prelimbic area, layer 1",0.0,0.0,0.0,0.186605,0.17956999999999998,0.366175,0.0,0.0
Retrochiasmatic area,0.0,0.0,0.0,0.071155,0.071172,0.14232699999999998,0.0,0.0
Nucleus of Roller,0.0,0.0,0.0,0.018462,0.01792,0.036382,0.0,0.0
Ventral part of the lateral geniculate complex,0.0,0.0,0.0,0.207968,0.222881,0.430849,0.0,0.0
"Gustatory areas, layer 2/3",0.0,0.0,0.0,0.228527,0.239075,0.467602,0.0,0.0
Nucleus of reuniens,0.0,0.0,0.0,0.274376,0.313477,0.587853,0.0,0.0
Lateral habenula,0.0,0.0,0.0,0.144784,0.15939799999999998,0.30418199999999995,0.0,0.0
"Accessory olfactory bulb, glomerular layer",0.0,0.0,0.0,0.063503,0.06767100000000001,0.131174,0.0,0.0
Rhomboid nucleus,0.0,0.0,0.0,0.052935,0.057195,0.11013,0.0,0.0
"Accessory olfactory bulb, granular layer",0.0,0.0,0.0,0.090591,0.096615,0.187206,0.0,0.0
Rostral linear nucleus raphe,0.0,0.0,0.0,0.023596000000000002,0.023502000000000002,0.047098,0.0,0.0
pyramidal decussation,0.0,0.0,0.0,0.023542,0.024388,0.04793,0.0,0.0
"Primary somatosensory area, barrel field, layer 2/3",0.0,0.0,0.0,0.59592,0.583515,1.179435,0.0,0.0
Linear nucleus of the medulla,0.0,0.0,0.0,0.048449,0.047830000000000004,0.09627899999999999,0.0,0.0
"Accessory olfactory bulb, mitral layer",0.0,0.0,0.0,0.11121,0.12087,0.23208,0.0,0.0
Area postrema,0.0,0.0,0.0,0.036824,0.035877,0.07270099999999999,0.0,0.0
Lateral mammillary nucleus,0.0,0.0,0.0,0.022729,0.02325,0.045979,0.0,0.0
"Anterior cingulate area, dorsal part, layer 2/3",0.0,0.0,0.0,0.245279,0.226773,0.472052,0.0,0.0
Anterior pretectal nucleus,0.0,0.0,0.0,0.67328,0.654471,1.327751,0.0,0.0
Superior vestibular nucleus,0.0,0.0,0.0,0.182885,0.170929,0.353814,0.0,0.0
Lateral posterior nucleus of the thalamus,0.0,0.0,0.0,0.6434799999999999,0.642408,1.285888,0.0,0.0
Arcuate hypothalamic nucleus,0.0,0.0,0.0,0.166532,0.188803,0.355335,0.0,0.0
Lateral preoptic area,0.0,0.0,0.0,0.212843,0.20947399999999997,0.422317,0.0,0.0
Nucleus raphe pallidus,0.0,0.0,0.0,0.024162,0.024177,0.048339,0.0,0.0
Anterior tegmental nucleus,0.0,0.0,0.0,0.020152,0.020104,0.040256,0.0,0.0
"Anterolateral visual area, layer 5",0.0,0.0,0.0,0.070698,0.07377399999999999,0.144472,0.0,0.0
"Dorsal auditory area, layer 6b",0.0,0.0,0.0,0.009547,0.010904,0.020451,0.0,0.0
"Midbrain reticular nucleus, retrorubral area",0.0,0.0,0.0,0.07936900000000001,0.083048,0.16241699999999998,0.0,0.0
"Posterior auditory area, layer 6a",0.0,0.0,0.0,0.025005,0.025225,0.050230000000000004,0.0,0.0
"Lateral septal nucleus, caudal (caudodorsal) part",0.0,0.0,0.0,0.257299,0.285555,0.542854,0.0,0.0
"Primary auditory area, layer 2/3",0.0,0.0,0.0,0.164354,0.208849,0.373203,0.0,0.0
Anteroventral nucleus of thalamus,0.0,0.0,0.0,0.22205300000000003,0.21318800000000002,0.435241,0.0,0.0
"posteromedial visual area, layer 6a",0.0,0.0,0.0,0.07887799999999999,0.0721,0.150978,0.0,0.0
"Lateral septal nucleus, rostral (rostroventral) part",0.0,0.0,0.0,0.796515,0.837922,1.6344370000000001,0.0,0.0
"Nucleus of the lateral olfactory tract, molecular layer",0.0,0.0,0.0,0.043424000000000004,0.05014,0.093564,0.0,0.0
Reticular nucleus of the thalamus,0.0,0.0,0.0,0.722869,0.679114,1.401983,0.0,0.0
Anteroventral preoptic nucleus,0.0,0.0,0.0,0.030848,0.034642,0.06548999999999999,0.0,0.0
"Lateral septal nucleus, ventral part",0.0,0.0,0.0,0.247033,0.246066,0.493099,0.0,0.0
"Nucleus of the lateral olfactory tract, pyramidal layer",0.0,0.0,0.0,0.059648,0.06626599999999999,0.125914,0.0,0.0
"Posterolateral visual area, layer 2/3",0.0,0.0,0.0,0.06372799999999999,0.066314,0.13004200000000002,0.0,0.0
Nucleus sagulum,0.0,0.0,0.0,0.044729000000000005,0.039436,0.08416499999999999,0.0,0.0
Anteroventral periventricular nucleus,0.0,0.0,0.0,0.056552,0.059897000000000006,0.116449,0.0,0.0
"Retrosplenial area, lateral agranular part, layer 6b",0.0,0.0,0.0,0.018473,0.017342,0.035815,0.0,0.0
"Anteromedial visual area, layer 1",0.0,0.0,0.0,0.044558,0.05764,0.102198,0.0,0.0
Suprachiasmatic nucleus,0.0,0.0,0.0,0.034022000000000004,0.034899,0.06892100000000001,0.0,0.0
Bed nucleus of the anterior commissure,0.0,0.0,0.0,0.003393,0.00307,0.006462999999999999,0.0,0.0
"Orbital area, ventrolateral part, layer 2/3",0.0,0.0,0.0,0.178757,0.20923000000000003,0.387987,0.0,0.0
Bed nucleus of the accessory olfactory tract,0.0,0.0,0.0,0.010187,0.011252,0.021439,0.0,0.0
"Anterior cingulate area, ventral part, layer 2/3",0.0,0.0,0.0,0.23220300000000002,0.231244,0.463447,0.0,0.0
Magnocellular nucleus,0.0,0.0,0.0,0.16659000000000002,0.161527,0.328117,0.0,0.0
stria terminalis,0.0,0.0,0.0,0.15670399999999998,0.149026,0.30572999999999995,0.0,0.0
"Basolateral amygdalar nucleus, anterior part",0.0,0.0,0.0,0.292333,0.297107,0.58944,0.0,0.0
"Prelimbic area, layer 2/3",0.0,0.0,0.0,0.157684,0.145065,0.302749,0.0,0.0
"Primary visual area, layer 6b",0.0,0.0,0.0,0.070363,0.070576,0.14093899999999998,0.0,0.0
Septofimbrial nucleus,0.0,0.0,0.0,0.214466,0.225987,0.440453,0.0,0.0
"Basolateral amygdalar nucleus, posterior part",0.0,0.0,0.0,0.30412100000000003,0.311236,0.6153569999999999,0.0,0.0
"Agranular insular area, posterior part, layer 6a",0.0,0.0,0.0,0.147271,0.140694,0.287965,0.0,0.0
Supragenual nucleus,0.0,0.0,0.0,0.009922,0.010066,0.019988,0.0,0.0
"Primary motor area, Layer 1",0.0,0.0,0.0,0.7039350000000001,0.631849,1.335784,0.0,0.0
Subgeniculate nucleus,0.0,0.0,0.0,0.015392,0.014708,0.0301,0.0,0.0
Suprageniculate nucleus,0.0,0.0,0.0,0.082331,0.082412,0.164743,0.0,0.0
"Basomedial amygdalar nucleus, anterior part",0.0,0.0,0.0,0.309468,0.313834,0.623302,0.0,0.0
"Agranular insular area, dorsal part, layer 2/3",0.0,0.0,0.0,0.5999249999999999,0.55653,1.1564549999999998,0.0,0.0
"Retrosplenial area, dorsal part, layer 6b",0.0,0.0,0.0,0.016727000000000002,0.015316,0.032043,0.0,0.0
Accessory supraoptic group,0.0,0.0,0.0,0.0033740000000000003,0.003406,0.00678,0.0,0.0
Septohippocampal nucleus,0.0,0.0,0.0,0.015086,0.016188,0.031274,0.0,0.0
"Basomedial amygdalar nucleus, posterior part",0.0,0.0,0.0,0.302193,0.311554,0.613747,0.0,0.0
"Perirhinal area, layer 6a",0.0,0.0,0.0,0.019231,0.015882999999999998,0.035113999999999986,0.0,0.0
superior colliculus commissure,0.0,0.0,0.0,0.011133,0.011122,0.022255,0.0,0.0
Subfornical organ,0.0,0.0,0.0,0.012728,0.01353,0.026258,0.0,0.0
Substantia innominata,0.0,0.0,0.0,1.427718,1.307142,2.7348600000000003,0.0,0.0
supraoptic commissures,0.0,0.0,0.0,0.009867,0.009698,0.019565,0.0,0.0
Bed nuclei of the stria terminalis,0.0,0.0,0.0,0.5534,0.5104839999999999,1.0638839999999998,0.0,0.0
"Agranular insular area, posterior part, layer 6b",0.0,0.0,0.0,0.006346999999999999,0.006319,0.012666,0.0,0.0
Preparasubthalamic nucleus,0.0,0.0,0.0,0.005174,0.005695,0.010869,0.0,0.0
Mediodorsal nucleus of thalamus,0.0,0.0,0.0,0.688195,0.7681049999999999,1.4563,0.0,0.0
Parasubthalamic nucleus,0.0,0.0,0.0,0.074865,0.074692,0.149557,0.0,0.0
Submedial nucleus of the thalamus,0.0,0.0,0.0,0.168934,0.191182,0.360116,0.0,0.0
"Perirhinal area, layer 6b",0.0,0.0,0.0,0.004627,0.003687,0.008314,0.0,0.0
Infracerebellar nucleus,0.0,0.0,0.0,0.032913,0.030176,0.06308899999999999,0.0,0.0
"Substantia nigra, compact part",0.0,0.0,0.0,0.101017,0.09548,0.196497,0.0,0.0
"Posterolateral visual area, layer 6a",0.0,0.0,0.0,0.040435000000000006,0.039845,0.08027999999999999,0.0,0.0
cuneate fascicle,0.0,0.0,0.0,0.010521,0.010775,0.021296000000000002,0.0,0.0
"Substantia nigra, reticular part",0.0,0.0,0.0,0.671582,0.607406,1.278988,0.0,0.0
Field CA1,0.0,0.0,0.0,3.857466,3.992442,7.849907999999999,0.0,0.0
Supraoptic nucleus,0.0,0.0,0.0,0.017573,0.017616999999999997,0.03519,0.0,0.0
"Posterolateral visual area, layer 6b",0.0,0.0,0.0,0.003265,0.0033909999999999995,0.0066560000000000005,0.0,0.0
ventral tegmental decussation,0.0,0.0,0.0,0.016437999999999998,0.016042999999999998,0.032481,0.0,0.0
"Anteromedial visual area, layer 4",0.0,0.0,0.0,0.029589,0.026503,0.056092,0.0,0.0
Medial amygdalar nucleus,0.0,0.0,0.0,0.75051,0.7697390000000001,1.520249,0.0,0.0
"Orbital area, lateral part, layer 2/3",0.0,0.0,0.0,0.236357,0.23362600000000003,0.469983,0.0,0.0
vestibular nerve,0.0,0.0,0.0,0.090773,0.079151,0.169924,0.0,0.0
"Subparafascicular nucleus, magnocellular part",0.0,0.0,0.0,0.039405,0.039647,0.07905199999999997,0.0,0.0
"Lateral visual area, layer 1",0.0,0.0,0.0,0.069201,0.072696,0.141897,0.0,0.0
"Subparafascicular nucleus, parvicellular part",0.0,0.0,0.0,0.081788,0.078794,0.160582,0.0,0.0
Field CA2,0.0,0.0,0.0,0.180732,0.185434,0.366166,0.0,0.0
Ectorhinal area/Layer 2/3,0.0,0.0,0.0,0.232896,0.20867399999999997,0.44156999999999996,0.0,0.0
medial corticohypothalmic tract,0.0,0.0,0.0,0.004919,0.0044340000000000004,0.009353,0.0,0.0
"Retrosplenial area, ventral part, layer 2/3",0.0,0.0,0.0,0.379175,0.375435,0.75461,0.0,0.0
"Anteromedial visual area, layer 5",0.0,0.0,0.0,0.1174,0.103779,0.221179,0.0,0.0
"Retrosplenial area, dorsal part, layer 2/3",0.0,0.0,0.0,0.382763,0.354933,0.7376959999999999,0.0,0.0
"Spinal nucleus of the trigeminal, interpolar part",0.0,0.0,0.0,1.0266,1.090058,2.116658,0.0,0.0
"Orbital area, lateral part, layer 6a",0.0,0.0,0.0,0.16181900000000002,0.168817,0.330636,0.0,0.0
"Anteromedial visual area, layer 6b",0.0,0.0,0.0,0.012673,0.011286,0.023959,0.0,0.0
"Retrosplenial area, dorsal part, layer 1",0.0,0.0,0.0,0.290562,0.280275,0.570837,0.0,0.0
dorsal hippocampal commissure,0.0,0.0,0.0,0.43715200000000004,0.435587,0.8727389999999999,0.0,0.0
"Spinal nucleus of the trigeminal, oral part",0.0,0.0,0.0,0.36501500000000003,0.292476,0.6574909999999999,0.0,0.0
"Orbital area, lateral part, layer 1",0.0,0.0,0.0,0.156153,0.154424,0.310577,0.0,0.0
ventral hippocampal commissure,0.0,0.0,0.0,0.039409,0.043393,0.082802,0.0,0.0
"Primary somatosensory area, upper limb, layer 1",0.0,0.0,0.0,0.181595,0.167235,0.34883000000000003,0.0,0.0
"Basolateral amygdalar nucleus, ventral part",0.0,0.0,0.0,0.158282,0.163348,0.32163,0.0,0.0
Median preoptic nucleus,0.0,0.0,0.0,0.017029,0.016842,0.033871,0.0,0.0
"Posterior auditory area, layer 6b",0.0,0.0,0.0,0.005454,0.005572,0.011026000000000001,0.0,0.0
Midbrain trigeminal nucleus,0.0,0.0,0.0,0.003997,0.004031,0.008028,0.0,0.0
"Primary somatosensory area, trunk, layer 6b",0.0,0.0,0.0,0.014434,0.014149,0.028583,0.0,0.0
Field CA3,0.0,0.0,0.0,2.346755,2.481541,4.828296,0.0,0.0
alveus,0.0,0.0,0.0,0.602708,0.5703119999999999,1.1730200000000002,0.0,0.0
"posteromedial visual area, layer 6b",0.0,0.0,0.0,0.014523,0.013481,0.028004,0.0,0.0
Subthalamic nucleus,0.0,0.0,0.0,0.075593,0.070716,0.146309,0.0,0.0
Striatum,0.0,0.0,0.0,1.153087,1.161317,2.314404,0.0,0.0
brachium of the inferior colliculus,0.0,0.0,0.0,0.093394,0.085939,0.179333,0.0,0.0
Medial habenula,0.0,0.0,0.0,0.141767,0.15466400000000002,0.296431,0.0,0.0
"Orbital area, medial part, layer 1",0.0,0.0,0.0,0.164219,0.191598,0.355817,0.0,0.0
"Orbital area, lateral part, layer 6b",0.0,0.0,0.0,0.015128999999999998,0.015854999999999998,0.030984,0.0,0.0
"posteromedial visual area, layer 4",0.0,0.0,0.0,0.047925,0.04325,0.091175,0.0,0.0
Subiculum,0.0,0.0,0.0,0.877258,0.8422989999999999,1.719557,0.0,0.0
dorsal acoustic stria,0.0,0.0,0.0,0.006174,0.005875,0.012048999999999999,0.0,0.0
Main olfactory bulb,0.0,0.0,0.0,8.272117999999999,8.109755999999999,16.381873999999996,0.0,0.0
"Primary somatosensory area, lower limb, layer 6b",0.0,0.0,0.0,0.026728,0.02273,0.049457999999999995,0.0,0.0
"Ventral auditory area, layer 6a",0.0,0.0,0.0,0.07557,0.08855199999999999,0.164122,0.0,0.0
Medial preoptic area,0.0,0.0,0.0,0.20389100000000002,0.21232,0.41621099999999994,0.0,0.0
Supramammillary nucleus,0.0,0.0,0.0,0.096793,0.09346900000000001,0.190262,0.0,0.0
"Entorhinal area, medial part, dorsal zone, layer 1",0.0,0.0,0.0,0.5190560000000001,0.472936,0.991992,0.0,0.0
"Dorsal auditory area, layer 1",0.0,0.0,0.0,0.082841,0.088903,0.171744,0.0,0.0
dorsal fornix,0.0,0.0,0.0,0.020484,0.022401,0.042884999999999986,0.0,0.0
Medial pretectal area,0.0,0.0,0.0,0.018504,0.017037,0.035541,0.0,0.0
dorsal limb,0.0,0.0,0.0,0.064969,0.069215,0.134184,0.0,0.0
"Perirhinal area, layer 1",0.0,0.0,0.0,0.12612099999999998,0.108423,0.234544,0.0,0.0
"Retrosplenial area, ventral part, layer 1",0.0,0.0,0.0,0.344119,0.34080900000000003,0.684928,0.0,0.0
"Entorhinal area, medial part, dorsal zone, layer 2",0.0,0.0,0.0,0.517339,0.48023999999999994,0.9975790000000001,0.0,0.0
"Central amygdalar nucleus, capsular part",0.0,0.0,0.0,0.123608,0.124471,0.248079,0.0,0.0
"Retrosplenial area, dorsal part, layer 4",0.0,0.0,0.0,1e-06,0.0,1e-06,0.0,
Thalamus,0.0,0.0,0.0,0.49678900000000004,0.499925,0.996714,0.0,0.0
"Central amygdalar nucleus, lateral part",0.0,0.0,0.0,0.109006,0.111503,0.220509,0.0,0.0
"Infralimbic area, layer 2/3",0.0,0.0,0.0,0.042812,0.045161,0.087973,0.0,0.0
"Primary somatosensory area, nose, layer 1",0.0,0.0,0.0,0.17510099999999998,0.17565699999999998,0.350758,0.0,0.0
"Central amygdalar nucleus, medial part",0.0,0.0,0.0,0.31665,0.319092,0.635742,0.0,0.0
Medial septal nucleus,0.0,0.0,0.0,0.168558,0.168177,0.336735,0.0,0.0
"posteromedial visual area, layer 5",0.0,0.0,0.0,0.14565999999999998,0.1315,0.27716,0.0,0.0
Postpiriform transition area,0.0,0.0,0.0,0.7278169999999999,0.69928,1.4270969999999998,0.0,0.0
"Lateral visual area, layer 4",0.0,0.0,0.0,0.062129,0.064986,0.127115,0.0,0.0
Tegmental reticular nucleus,0.0,0.0,0.0,0.341518,0.34429,0.685808,0.0,0.0
Central lateral nucleus of the thalamus,0.0,0.0,0.0,0.201355,0.219478,0.420833,0.0,0.0
"Primary somatosensory area, upper limb, layer 4",0.0,0.0,0.0,0.23326,0.20878000000000002,0.44204,0.0,0.0
external capsule,0.0,0.0,0.0,0.30558,0.285044,0.5906239999999999,0.0,0.0
Nucleus of the brachium of the inferior colliculus,0.0,0.0,0.0,0.037088,0.032556,0.06964400000000001,0.0,0.0
Triangular nucleus of septum,0.0,0.0,0.0,0.172804,0.182853,0.355657,0.0,0.0
"Orbital area, medial part, layer 2/3",0.0,0.0,0.0,0.111998,0.137988,0.249986,0.0,0.0
Claustrum,0.0,0.0,0.0,0.193909,0.18271,0.376619,0.0,0.0
"Anterior cingulate area, ventral part, layer 1",0.0,0.0,0.0,0.20631300000000002,0.205012,0.411325,0.0,0.0
"Retrosplenial area, ventral part, layer 6a",0.0,0.0,0.0,0.329758,0.309269,0.639027,0.0,0.0
Central linear nucleus raphe,0.0,0.0,0.0,0.032353,0.032041,0.064394,0.0,0.0
"Primary visual area, layer 1",0.0,0.0,0.0,0.426788,0.439452,0.8662399999999999,0.0,0.0
Diagonal band nucleus,0.0,0.0,0.0,0.267411,0.279851,0.5472619999999999,0.0,0.0
"Taenia tecta, dorsal part",0.0,0.0,0.0,0.225304,0.26814,0.49344399999999994,0.0,0.0
"Ventral auditory area, layer 6b",0.0,0.0,0.0,0.012606000000000001,0.014272,0.026877999999999996,0.0,0.0
Central medial nucleus of the thalamus,0.0,0.0,0.0,0.135351,0.14809899999999998,0.28345,0.0,0.0
"Dorsal auditory area, layer 2/3",0.0,0.0,0.0,0.113446,0.138449,0.251895,0.0,0.0
"Anterolateral visual area, layer 6a",0.0,0.0,0.0,0.037194,0.039378,0.076572,0.0,0.0
fimbria,0.0,0.0,0.0,0.8905129999999999,0.765189,1.655702,0.0,0.0
Nucleus incertus,0.0,0.0,0.0,0.057023000000000004,0.05690800000000001,0.11393099999999999,0.0,0.0
"Taenia tecta, ventral part",0.0,0.0,0.0,0.277528,0.277582,0.55511,0.0,0.0
"Orbital area, ventrolateral part, layer 6a",0.0,0.0,0.0,0.082674,0.094253,0.176927,0.0,0.0
Subparafascicular area,0.0,0.0,0.0,0.070633,0.070177,0.14081,0.0,0.0
"Retrosplenial area, dorsal part, layer 5",0.0,0.0,0.0,0.5172939999999999,0.47608,0.993374,0.0,0.0
habenular commissure,0.0,0.0,0.0,0.020795,0.020161000000000002,0.040955999999999985,0.0,0.0
"Lateral visual area, layer 5",0.0,0.0,0.0,0.108963,0.11461800000000001,0.223581,0.0,0.0
Cuneiform nucleus,0.0,0.0,0.0,0.292863,0.30226,0.595123,0.0,0.0
"Orbital area, medial part, layer 5",0.0,0.0,0.0,0.1575,0.19047,0.34797,0.0,0.0
"Retrosplenial area, ventral part, layer 6b",0.0,0.0,0.0,0.024966,0.022643,0.047609,0.0,0.0
Nucleus of the optic tract,0.0,0.0,0.0,0.10434700000000001,0.105257,0.209604,0.0,0.0
Ventral anterior-lateral complex of the thalamus,0.0,0.0,0.0,0.478075,0.493497,0.971572,0.0,0.0
"Orbital area, lateral part, layer 5",0.0,0.0,0.0,0.417444,0.41663100000000003,0.8340749999999999,0.0,0.0
"Dentate gyrus, granule cell layer",0.0,0.0,0.0,0.6290560000000001,0.6823,1.311356,0.0,0.0
inferior colliculus commissure,0.0,0.0,0.0,0.006305,0.00627,0.012575,0.0,0.0
Nucleus of the posterior commissure,0.0,0.0,0.0,0.129331,0.120432,0.249763,0.0,0.0
"Gustatory areas, layer 6a",0.0,0.0,0.0,0.146125,0.14415,0.290275,0.0,0.0
"Cortical amygdalar area, anterior part",0.0,0.0,0.0,0.306207,0.315276,0.621483,0.0,0.0
Nucleus of the trapezoid body,0.0,0.0,0.0,0.086823,0.076708,0.16353099999999998,0.0,0.0
"Posterior auditory area, layer 2/3",0.0,0.0,0.0,0.05316900000000001,0.053802,0.10697100000000001,0.0,0.0
"Anterolateral visual area, layer 6b",0.0,0.0,0.0,0.007311,0.007775,0.015086,0.0,0.0
Abducens nucleus,0.0,0.0,0.0,0.018126,0.017884,0.03601,0.0,0.0
"Primary somatosensory area, nose, layer 4",0.0,0.0,0.0,0.19542,0.192587,0.388007,0.0,0.0
"Cortical amygdalar area, posterior part, lateral zone",0.0,0.0,0.0,0.477959,0.464196,0.942155,0.0,0.0
"Secondary motor area, layer 1",0.0,0.0,0.0,1.021087,0.919,1.940087,0.0,0.0
"Primary somatosensory area, mouth, layer 2/3",0.0,0.0,0.0,0.7591060000000001,0.7238020000000001,1.482908,0.0,0.0
"Gustatory areas, layer 6b",0.0,0.0,0.0,0.013161,0.012951,0.026112,0.0,0.0
"Cortical amygdalar area, posterior part, medial zone",0.0,0.0,0.0,0.442741,0.42415699999999995,0.866898,0.0,0.0
"lateral olfactory tract, body",0.0,0.0,0.0,0.554149,0.542374,1.096523,0.0,0.0
"Frontal pole, layer 2/3",0.0,0.0,0.0,0.081191,0.088528,0.169719,0.0,0.0
"Primary somatosensory area, trunk, layer 2/3",0.0,0.0,0.0,0.17438499999999998,0.15648800000000002,0.33087300000000003,0.0,0.0
"Retrosplenial area, lateral agranular part, layer 1",0.0,0.0,0.0,0.14647000000000002,0.17144500000000001,0.31791499999999995,0.0,0.0
Caudoputamen,0.0,0.0,0.0,11.984387,11.211484,23.195871,0.0,0.0
mammillary peduncle,0.0,0.0,0.0,0.013826,0.013443,0.027268999999999998,0.0,0.0
"Agranular insular area, ventral part, layer 6a",0.0,0.0,0.0,0.062568,0.059346,0.12191400000000001,0.0,0.0
"Dorsal auditory area, layer 4",0.0,0.0,0.0,0.042315,0.053565,0.09588,0.0,0.0
"Orbital area, ventrolateral part, layer 6b",0.0,0.0,0.0,0.003355,0.003654,0.0070090000000000005,0.0,0.0
mammillotegmental tract,0.0,0.0,0.0,0.02774,0.026965,0.054705,0.0,0.0
Ventral medial nucleus of the thalamus,0.0,0.0,0.0,0.5493399999999999,0.5497029999999999,1.099043,0.0,0.0
"Retrosplenial area, ventral part, layer 5",0.0,0.0,0.0,0.708437,0.672434,1.380871,0.0,0.0
Ventrolateral preoptic nucleus,0.0,0.0,0.0,0.021696,0.022714,0.044410000000000005,0.0,0.0
mammilothalmic tract,0.0,0.0,0.0,0.07182000000000001,0.072309,0.144129,0.0,0.0
"Perirhinal area, layer 5",0.0,0.0,0.0,0.066505,0.058797,0.125302,0.0,0.0
"Agranular insular area, ventral part, layer 2/3",0.0,0.0,0.0,0.285441,0.297846,0.583287,0.0,0.0
"Posterior auditory area, layer 1",0.0,0.0,0.0,0.048175,0.046212,0.094387,0.0,0.0
Olfactory areas,0.0,0.0,0.0,1.831474,1.753308,3.584782,0.0,0.0
"Agranular insular area, ventral part, layer 6b",0.0,0.0,0.0,0.001043,0.00091,0.001953,0.0,0.0
"Primary somatosensory area, nose, layer 5",0.0,0.0,0.0,0.208956,0.204468,0.41342399999999996,0.0,0.0
Cortical subplate,0.0,0.0,0.0,0.157572,0.147471,0.30504299999999995,0.0,0.0
"Agranular insular area, ventral part, layer 1",0.0,0.0,0.0,0.143901,0.142124,0.286025,0.0,0.0
Olivary pretectal nucleus,0.0,0.0,0.0,0.028503,0.028813,0.057315999999999985,0.0,0.0
"Infralimbic area, layer 1",0.0,0.0,0.0,0.046125,0.047046,0.093171,0.0,0.0
Ventral posterolateral nucleus of the thalamus,0.0,0.0,0.0,0.44281400000000004,0.39974,0.8425540000000001,0.0,0.0
"Primary visual area, layer 4",0.0,0.0,0.0,0.389404,0.385166,0.77457,0.0,0.0
"Ventral posterolateral nucleus of the thalamus, parvicellular part",0.0,0.0,0.0,0.059395,0.057059000000000006,0.116454,0.0,0.0
arbor vitae,0.0,0.0,0.0,2.634152,2.549594,5.183745999999998,0.0,0.0
"Temporal association areas, layer 6a",0.0,0.0,0.0,0.15886,0.158717,0.317577,0.0,0.0
"Medial mammillary nucleus, median part",0.0,0.0,0.0,0.024931000000000002,0.024307,0.049238,0.0,0.0
Ventral posteromedial nucleus of the thalamus,0.0,0.0,0.0,0.9410850000000001,0.861499,1.802584,0.0,0.0
"Primary auditory area, layer 1",0.0,0.0,0.0,0.165573,0.19106,0.356633,0.0,0.0
"Ventral posteromedial nucleus of the thalamus, parvicellular part",0.0,0.0,0.0,0.125379,0.131711,0.25709,0.0,0.0
"Entorhinal area, medial part, dorsal zone, layer 6",0.0,0.0,0.0,0.263639,0.223246,0.486885,0.0,0.0
cerebellar commissure,0.0,0.0,0.0,0.026579000000000002,0.026669,0.053248000000000004,0.0,0.0
Ventral tegmental area,0.0,0.0,0.0,0.21061100000000002,0.206671,0.417282,0.0,0.0
"Posterolateral visual area, layer 1",0.0,0.0,0.0,0.058001,0.06523799999999999,0.123239,0.0,0.0
principal mammillary tract,0.0,0.0,0.0,0.014655000000000001,0.013824000000000001,0.028479,0.0,0.0
Olfactory tubercle,0.0,0.0,0.0,1.935628,1.758735,3.6943629999999996,0.0,0.0
Ventral tegmental nucleus,0.0,0.0,0.0,0.017837000000000002,0.017388999999999998,0.035225999999999986,0.0,0.0
"Posterior auditory area, layer 4",0.0,0.0,0.0,0.025144,0.025408,0.050552,0.0,0.0
Vascular organ of the lamina terminalis,0.0,0.0,0.0,0.002643,0.0026829999999999996,0.005326,0.0,0.0
"Anterior cingulate area, ventral part, layer 5",0.0,0.0,0.0,0.497755,0.50544,1.003195,0.0,0.0
"Retrosplenial area, lateral agranular part, layer 5",0.0,0.0,0.0,0.352397,0.315449,0.6678459999999999,0.0,0.0
"Primary visual area, layer 5",0.0,0.0,0.0,0.6213339999999999,0.614413,1.235747,0.0,0.0
Posterior amygdalar nucleus,0.0,0.0,0.0,0.328301,0.326714,0.655015,0.0,0.0
Nucleus y,0.0,0.0,0.0,0.011045000000000001,0.009788,0.020833,0.0,0.0
"Agranular insular area, dorsal part, layer 6a",0.0,0.0,0.0,0.250498,0.242,0.49249799999999994,0.0,0.0
corticospinal tract,0.0,0.0,0.0,0.043087,0.040875,0.08396200000000001,0.0,0.0
"Temporal association areas, layer 6b",0.0,0.0,0.0,0.027748000000000002,0.026971,0.054719000000000004,0.0,0.0
Piriform-amygdalar area,0.0,0.0,0.0,0.470075,0.46138900000000005,0.931464,0.0,0.0
"Posterior auditory area, layer 5",0.0,0.0,0.0,0.059499,0.059448,0.118947,0.0,0.0
spinal tract of the trigeminal nerve,0.0,0.0,0.0,0.602932,0.5905039999999999,1.1934360000000002,0.0,0.0
facial nerve,0.0,0.0,0.0,0.044162,0.043233,0.087395,0.0,0.0
"Agranular insular area, ventral part, layer 5",0.0,0.0,0.0,0.263261,0.254697,0.5179579999999999,0.0,0.0
stria medullaris,0.0,0.0,0.0,0.137237,0.130207,0.267444,0.0,0.0
Pallidum,0.0,0.0,0.0,0.491443,0.479742,0.9711850000000001,0.0,0.0
Fields of Forel,0.0,0.0,0.0,0.141587,0.135079,0.276666,0.0,0.0
"posteromedial visual area, layer 1",0.0,0.0,0.0,0.028025,0.07746499999999999,0.10549,0.0,0.0
"Anterior cingulate area, ventral part, 6a",0.0,0.0,0.0,0.186652,0.187182,0.373834,0.0,0.0
"Inferior colliculus, central nucleus",0.0,0.0,0.0,0.61,0.5858169999999999,1.195817,0.0,0.0
superior cerebellar peduncle decussation,0.0,0.0,0.0,0.018676,0.018638,0.037314,0.0,0.0
Dorsal peduncular area,0.0,0.0,0.0,0.14936,0.174367,0.323727,0.0,0.0
"Primary auditory area, layer 4",0.0,0.0,0.0,0.07106799999999999,0.093735,0.16480299999999998,0.0,0.0
"Anterior cingulate area, ventral part, 6b",0.0,0.0,0.0,0.031277,0.031879000000000005,0.06315599999999999,0.0,0.0
"Inferior colliculus, dorsal nucleus",0.0,0.0,0.0,0.602119,0.561587,1.163706,0.0,0.0
"Primary visual area, layer 2/3",0.0,0.0,0.0,0.731907,0.7220099999999999,1.453917,0.0,0.0
"Infralimbic area, layer 5",0.0,0.0,0.0,0.10493399999999999,0.11573199999999999,0.22066599999999997,0.0,0.0
"Inferior colliculus, external nucleus",0.0,0.0,0.0,0.849413,0.8145249999999999,1.6639380000000001,0.0,0.0
"Agranular insular area, dorsal part, layer 6b",0.0,0.0,0.0,0.016346,0.015016,0.031362,0.0,0.0
oculomotor nerve,0.0,0.0,0.0,0.0034590000000000003,0.003915999999999999,0.007375,0.0,0.0
"Superior colliculus, zonal layer",0.0,0.0,0.0,0.121956,0.11579400000000001,0.23775,0.0,0.0
Ectorhinal area/Layer 1,0.0,0.0,0.0,0.139462,0.13006700000000002,0.269529,0.0,0.0
"Primary somatosensory area, nose, layer 2/3",0.0,0.0,0.0,0.242529,0.24439299999999997,0.486922,0.0,0.0
Dorsal motor nucleus of the vagus nerve,0.0,0.0,0.0,0.114928,0.109838,0.224766,0.0,0.0
trapezoid body,0.0,0.0,0.0,0.147171,0.13562000000000002,0.28279099999999996,0.0,0.0
"Superior colliculus, superficial gray layer",0.0,0.0,0.0,0.409012,0.381966,0.790978,0.0,0.0
Parasubiculum,0.0,0.0,0.0,0.390117,0.394169,0.7842859999999999,0.0,0.0
Dentate nucleus,0.0,0.0,0.0,0.122731,0.14221699999999998,0.264948,0.0,0.0
"Primary auditory area, layer 5",0.0,0.0,0.0,0.19423,0.24810300000000002,0.442333,0.0,0.0
optic nerve,0.0,0.0,0.0,0.020825,0.022719,0.043544,0.0,0.0
"Visceral area, layer 6b",0.0,0.0,0.0,0.015157,0.015843,0.031,0.0,0.0
uncinate fascicle,0.0,0.0,0.0,0.036347000000000004,0.035324,0.071671,0.0,0.0
"Superior colliculus, optic layer",0.0,0.0,0.0,0.243894,0.232143,0.476037,0.0,0.0
"Primary somatosensory area, upper limb, layer 2/3",0.0,0.0,0.0,0.402006,0.36438400000000004,0.7663899999999999,0.0,0.0
"Visceral area, layer 6a",0.0,0.0,0.0,0.156356,0.160161,0.316517,0.0,0.0
Parasolitary nucleus,0.0,0.0,0.0,0.024863,0.024479,0.049342000000000004,0.0,0.0
"Supplemental somatosensory area, layer 6a",0.0,0.0,0.0,0.656291,0.72468,1.380971,0.0,0.0
ventral spinocerebellar tract,0.0,0.0,0.0,0.1127,0.114792,0.227492,0.0,0.0
"Posterolateral visual area, layer 4",0.0,0.0,0.0,0.011946,0.011526,0.023472,0.0,0.0
Dorsal nucleus raphe,0.0,0.0,0.0,0.058342,0.057947000000000005,0.116289,0.0,0.0
Parabigeminal nucleus,0.0,0.0,0.0,0.019328,0.018223,0.037551,0.0,0.0
"Primary somatosensory area, mouth, layer 1",0.0,0.0,0.0,0.439288,0.401224,0.8405119999999999,0.0,0.0
Dorsal tegmental nucleus,0.0,0.0,0.0,0.049852,0.04834,0.098192,0.0,0.0
"Primary motor area, Layer 6b",0.0,0.0,0.0,0.087507,0.08008499999999999,0.16759200000000002,0.0,0.0
amygdalar capsule,0.0,0.0,0.0,0.056424,0.055665,0.11208900000000001,0.0,0.0
"Perirhinal area, layer 2/3",0.0,0.0,0.0,0.167349,0.145307,0.312656,0.0,0.0
"Primary somatosensory area, nose, layer 6a",0.0,0.0,0.0,0.3315,0.325521,0.657021,0.0,0.0
"Supplemental somatosensory area, layer 6b",0.0,0.0,0.0,0.06848499999999999,0.07438199999999999,0.14286699999999994,0.0,0.0
"Visceral area, layer 1",0.0,0.0,0.0,0.20881599999999997,0.186362,0.395178,0.0,0.0
"anterior commissure, olfactory limb",0.0,0.0,0.0,0.293839,0.27984000000000003,0.5736789999999999,0.0,0.0
"Posterolateral visual area, layer 5",0.0,0.0,0.0,0.08272199999999999,0.08050199999999999,0.16322399999999998,0.0,0.0
External cuneate nucleus,0.0,0.0,0.0,0.121741,0.12524100000000002,0.246982,0.0,0.0
"Anterolateral visual area, layer 2/3",0.0,0.0,0.0,0.072905,0.077431,0.150336,0.0,0.0
Paracentral nucleus,0.0,0.0,0.0,0.135768,0.14521199999999998,0.28098,0.0,0.0
"anterior commissure, temporal limb",0.0,0.0,0.0,0.09980800000000001,0.091092,0.1909,0.0,0.0
"Orbital area, medial part, layer 6a",0.0,0.0,0.0,0.060259,0.072477,0.132736,0.0,0.0
trochlear nerve,0.0,0.0,0.0,0.00345,0.003617,0.007067,0.0,0.0
Lingula (I),0.0,0.0,0.0,0.062955,0.062017,0.124972,0.0,0.0
Posterodorsal preoptic nucleus,0.0,0.0,0.0,0.005211,0.004928,0.010139,0.0,0.0
brachium of the superior colliculus,0.0,0.0,0.0,0.08886799999999999,0.08463699999999999,0.173505,0.0,0.0
cerebal peduncle,0.0,0.0,0.0,0.333841,0.328256,0.6620969999999999,0.0,0.0
"Anterior cingulate area, dorsal part, layer 6b",0.0,0.0,0.0,0.012626,0.012301000000000001,0.024927,0.0,0.0
"Primary somatosensory area, nose, layer 6b",0.0,0.0,0.0,0.023598,0.023418,0.047016,0.0,0.0
Parafascicular nucleus,0.0,0.0,0.0,0.25646,0.27636900000000003,0.532829,0.0,0.0
Pontine gray,0.0,0.0,0.0,0.40437,0.409704,0.814074,0.0,0.0
"Anterior cingulate area, dorsal part, layer 1",0.0,0.0,0.0,0.233582,0.225219,0.458801,0.0,0.0
Declive (VI),0.0,0.0,0.0,1.208136,1.320005,2.528141,0.0,0.0
"Nucleus ambiguus, dorsal division",0.0,0.0,0.0,0.010341,0.011095,0.021436,0.0,0.0
cingulum bundle,0.0,0.0,0.0,0.65059,0.615883,1.266473,0.0,0.0
"Primary motor area, Layer 2/3",0.0,0.0,0.0,1.7611949999999998,1.581934,3.3431290000000002,0.0,0.0
Folium-tuber vermis (VII),0.0,0.0,0.0,0.464157,0.48271400000000003,0.9468709999999999,0.0,0.0
"Primary somatosensory area, upper limb, layer 6a",0.0,0.0,0.0,0.516876,0.470861,0.9877370000000001,0.0,0.0
vomeronasal nerve,0.0,0.0,0.0,0.006398,0.0071200000000000005,0.013518,0.0,0.0
"Primary somatosensory area, mouth, layer 4",0.0,0.0,0.0,0.392703,0.372798,0.765501,0.0,0.0
Pyramus (VIII),0.0,0.0,0.0,0.5551510000000001,0.550886,1.1060370000000002,0.0,0.0
"Endopiriform nucleus, dorsal part",0.0,0.0,0.0,0.735167,0.6676869999999999,1.402854,0.0,0.0
"Primary auditory area, layer 6a",0.0,0.0,0.0,0.078578,0.092306,0.17088399999999998,0.0,0.0
"corpus callosum, anterior forceps",0.0,0.0,0.0,0.34493,0.367372,0.712302,0.0,0.0
Uvula (IX),0.0,0.0,0.0,1.133881,1.086975,2.220856,0.0,0.0
"Ventral auditory area, layer 1",0.0,0.0,0.0,0.13410999999999998,0.159138,0.293248,0.0,0.0
Piriform area,0.0,0.0,0.0,5.8325830000000005,5.696828,11.529411,0.0,0.0
"Secondary motor area, layer 2/3",0.0,0.0,0.0,1.6739240000000002,1.4946760000000001,3.1686,0.0,0.0
"Lateral reticular nucleus, parvicellular part",0.0,0.0,0.0,0.023595,0.024645,0.04824,0.0,0.0
"corpus callosum, extreme capsule",0.0,0.0,0.0,0.034613,0.0314,0.06601299999999999,0.0,0.0
"Retrosplenial area, lateral agranular part, layer 2/3",0.0,0.0,0.0,0.285501,0.260097,0.5455979999999999,0.0,0.0
"Endopiriform nucleus, ventral part",0.0,0.0,0.0,0.393007,0.38316500000000003,0.776172,0.0,0.0
Nodulus (X),0.0,0.0,0.0,0.776403,0.7765719999999999,1.552975,0.0,0.0
"Orbital area, ventrolateral part, layer 1",0.0,0.0,0.0,0.141199,0.168488,0.309687,0.0,0.0
"Paragigantocellular reticular nucleus, dorsal part",0.0,0.0,0.0,0.130153,0.12411099999999999,0.254264,0.0,0.0
"corpus callosum, posterior forceps",0.0,0.0,0.0,0.5635760000000001,0.566095,1.1296709999999999,0.0,0.0
"Lateral visual area, layer 2/3",0.0,0.0,0.0,0.10731600000000001,0.112347,0.219663,0.0,0.0
"Primary somatosensory area, mouth, layer 5",0.0,0.0,0.0,0.45436000000000004,0.428065,0.882425,0.0,0.0
Lobule II,0.0,0.0,0.0,0.756088,0.785964,1.542052,0.0,0.0
Dorsal premammillary nucleus,0.0,0.0,0.0,0.05167000000000001,0.048031,0.099701,0.0,0.0
"Primary somatosensory area, barrel field, layer 1",0.0,0.0,0.0,0.33299,0.328089,0.661079,0.0,0.0
Fasciola cinerea,0.0,0.0,0.0,0.028380000000000002,0.027917,0.056297,0.0,0.0
Lobule III,0.0,0.0,0.0,1.1618039999999998,1.217135,2.378939,0.0,0.0
"corpus callosum, splenium",0.0,0.0,0.0,0.325616,0.314752,0.6403679999999999,0.0,0.0
Fastigial nucleus,0.0,0.0,0.0,0.21535100000000001,0.220448,0.435799,0.0,0.0
"Ventral auditory area, layer 4",0.0,0.0,0.0,0.068119,0.09071900000000001,0.15883799999999998,0.0,0.0
"Agranular insular area, dorsal part, layer 1",0.0,0.0,0.0,0.348066,0.307312,0.655378,0.0,0.0
root,0.0,0.0,0.0,1.509836,1.484572,2.994408,0.0,0.0
Fundus of striatum,0.0,0.0,0.0,0.214344,0.18983,0.404174,0.0,0.0
Ventral premammillary nucleus,0.0,0.0,0.0,0.07256699999999999,0.06733399999999999,0.139901,0.0,0.0
"Primary auditory area, layer 6b",0.0,0.0,0.0,0.014665999999999997,0.016694999999999998,0.031361,0.0,0.0
"Primary somatosensory area, trunk, layer 1",0.0,0.0,0.0,0.084016,0.07595199999999999,0.159968,0.0,0.0
Simple lobule,0.0,0.0,0.0,2.315169,2.330058,4.645226999999999,0.0,0.0
"Visceral area, layer 4",0.0,0.0,0.0,0.07768599999999999,0.07987699999999999,0.15756299999999998,0.0,0.0
olfactory nerve layer of main olfactory bulb,0.0,0.0,0.0,2.00616,1.919108,3.925268,0.0,0.0
Posterior complex of the thalamus,0.0,0.0,0.0,0.813422,0.7813559999999999,1.5947779999999998,0.0,0.0
"Globus pallidus, external segment",0.0,0.0,0.0,0.737568,0.712128,1.449696,0.0,0.0
Paramedian lobule,0.0,0.0,0.0,1.557788,1.5910870000000001,3.148875,0.0,0.0
"Primary somatosensory area, upper limb, layer 6b",0.0,0.0,0.0,0.040485,0.037043,0.077528,0.0,0.0
Posterior limiting nucleus of the thalamus,0.0,0.0,0.0,0.101625,0.094894,0.196519,0.0,0.0
"Primary somatosensory area, lower limb, layer 1",0.0,0.0,0.0,0.128472,0.116708,0.24518,0.0,0.0
"Globus pallidus, internal segment",0.0,0.0,0.0,0.185365,0.171648,0.357013,0.0,0.0
Copula pyramidis,0.0,0.0,0.0,0.862891,0.9546620000000001,1.817553,0.0,0.0
"Supplemental somatosensory area, layer 4",0.0,0.0,0.0,0.420436,0.483745,0.904181,0.0,0.0
Postsubiculum,0.0,0.0,0.0,0.505912,0.474613,0.980525,0.0,0.0
"Primary somatosensory area, barrel field, layer 6a",0.0,0.0,0.0,0.61905,0.5928,1.21185,0.0,0.0
Paraflocculus,0.0,0.0,0.0,1.771867,0.870358,2.642225,0.0,0.0
Peripeduncular nucleus,0.0,0.0,0.0,0.021313,0.023317,0.04463,0.0,0.0
Ectorhinal area/Layer 6b,0.0,0.0,0.0,0.018918,0.017929999999999998,0.036848,0.0,0.0
"Anteromedial visual area, layer 6a",0.0,0.0,0.0,0.074104,0.06547,0.139574,0.0,0.0
"Primary somatosensory area, barrel field, layer 4",0.0,0.0,0.0,0.5304760000000001,0.514496,1.044972,0.0,0.0
direct tectospinal pathway,0.0,0.0,0.0,1e-06,3e-06,4e-06,0.0,0.0
"Infralimbic area, layer 6a",0.0,0.0,0.0,0.06701900000000001,0.079127,0.146146,0.0,0.0
Crus 1,0.0,0.0,0.0,2.101743,2.104196,4.205939,0.0,0.0
doral tegmental decussation,0.0,0.0,0.0,0.002702,0.002614,0.005316,0.0,0.0
Posterior pretectal nucleus,0.0,0.0,0.0,0.075806,0.07686599999999999,0.15267199999999995,0.0,0.0
"Primary somatosensory area, barrel field, layer 6b",0.0,0.0,0.0,0.0667,0.063231,0.129931,0.0,0.0
Crus 2,0.0,0.0,0.0,1.8489520000000002,1.809435,3.6583870000000003,0.0,0.0
"Anteromedial visual area, layer 2/3",0.0,0.0,0.0,0.097884,0.089548,0.187432,0.0,0.0
"Primary somatosensory area, barrel field, layer 5",0.0,0.0,0.0,0.5386759999999999,0.5212019999999999,1.059878,0.0,0.0
"Medial geniculate complex, dorsal part",0.0,0.0,0.0,0.069775,0.07642399999999999,0.146199,0.0,0.0
"Anterolateral visual area, layer 1",0.0,0.0,0.0,0.044680000000000004,0.047876,0.092556,0.0,0.0
Perireunensis nucleus,0.0,0.0,0.0,0.091991,0.09853,0.190521,0.0,0.0
"Medial geniculate complex, ventral part",0.0,0.0,0.0,0.111961,0.127237,0.239198,0.0,0.0
"Infralimbic area, layer 6b",0.0,0.0,0.0,0.003904,0.004528,0.008431999999999999,0.0,0.0
Presubiculum,0.0,0.0,0.0,0.361781,0.375916,0.7376969999999999,0.0,0.0
"Secondary motor area, layer 6b",0.0,0.0,0.0,0.034675,0.034489,0.069164,0.0,0.0
"Primary somatosensory area, trunk, layer 4",0.0,0.0,0.0,0.063481,0.05665800000000001,0.12013900000000001,0.0,0.0
"Medial geniculate complex, medial part",0.0,0.0,0.0,0.123024,0.120046,0.24306999999999998,0.0,0.0
Hippocampal formation,0.0,0.0,0.0,0.16555,0.159328,0.324878,0.0,0.0
Lobules IV-V,0.0,0.0,0.0,2.657373,2.752684,5.410057,0.0,0.0
external medullary lamina of the thalamus,0.0,0.0,0.0,0.054373000000000005,0.050268,0.10464100000000001,0.0,0.0
"Primary somatosensory area, lower limb, layer 4",0.0,0.0,0.0,0.13323800000000002,0.115609,0.248847,0.0,0.0
"Anteromedial nucleus, dorsal part",0.0,0.0,0.0,0.12853900000000001,0.12391500000000001,0.252454,0.0,0.0
"Agranular insular area, dorsal part, layer 5",0.0,0.0,0.0,0.593418,0.561516,1.154934,0.0,0.0
"Primary somatosensory area, mouth, layer 6a",0.0,0.0,0.0,0.6213409999999999,0.593174,1.214515,0.0,0.0
"Anteromedial nucleus, ventral part",0.0,0.0,0.0,0.08231799999999999,0.076072,0.15839,0.0,0.0
Intercalated amygdalar nucleus,0.0,0.0,0.0,0.07259499999999999,0.073308,0.145903,0.0,0.0
"Visceral area, layer 2/3",0.0,0.0,0.0,0.30888000000000004,0.274864,0.5837439999999999,0.0,0.0
genu of corpus callosum,0.0,0.0,0.0,0.392834,0.391611,0.784445,0.0,0.0
Parastrial nucleus,0.0,0.0,0.0,0.036888,0.037865,0.07475299999999999,0.0,0.0
Interanterodorsal nucleus of the thalamus,0.0,0.0,0.0,0.060173000000000004,0.061408000000000004,0.121581,0.0,0.0
"Anterolateral visual area, layer 4",0.0,0.0,0.0,0.037286,0.039083,0.07636899999999999,0.0,0.0
genu of the facial nerve,0.0,0.0,0.0,0.015364,0.015768,0.031132,0.0,0.0
Interanteromedial nucleus of the thalamus,0.0,0.0,0.0,0.024048,0.026791000000000002,0.050839,0.0,0.0
"Entorhinal area, lateral part, layer 1",0.0,0.0,0.0,0.733946,0.585313,1.319259,0.0,0.0
inferior cerebellar peduncle,0.0,0.0,0.0,0.259781,0.20895,0.46873100000000006,0.0,0.0
"Orbital area, ventrolateral part, layer 5",0.0,0.0,0.0,0.213821,0.24593,0.459751,0.0,0.0
"Tuberomammillary nucleus, dorsal part",0.0,0.0,0.0,0.014471000000000001,0.013748,0.028219,0.0,0.0
"Nucleus of the lateral olfactory tract, layer 3",0.0,0.0,0.0,0.023976,0.025911,0.049887,0.0,0.0
Median eminence,0.0,0.0,0.0,0.046119,0.053192,0.099311,0.0,0.0
"Dentate gyrus, molecular layer",0.0,0.0,0.0,1.691658,1.815193,3.506851,0.0,0.0
"Dentate gyrus, polymorph layer",0.0,0.0,0.0,0.253706,0.281604,0.5353100000000001,0.0,0.0
"Primary somatosensory area, unassigned, layer 1",0.0,0.0,0.0,0.065816,0.060110000000000004,0.12592599999999998,0.0,0.0
"Primary somatosensory area, unassigned, layer 2/3",0.0,0.0,0.0,0.133957,0.122722,0.256679,0.0,0.0
"Primary somatosensory area, unassigned, layer 4",0.0,0.0,0.0,0.08114400000000001,0.074613,0.15575699999999998,0.0,0.0
"Primary somatosensory area, unassigned, layer 5",0.0,0.0,0.0,0.12313,0.114153,0.237283,0.0,0.0
"Primary somatosensory area, unassigned, layer 6a",0.0,0.0,0.0,0.153615,0.14561500000000002,0.29923,0.0,0.0
"Primary somatosensory area, unassigned, layer 6b",0.0,0.0,0.0,0.01297,0.012233,0.025203,0.0,0.0
"Anterior area, layer 1",0.0,0.0,0.0,0.09414700000000001,0.08757100000000001,0.18171800000000002,0.0,0.0
"Anterior area, layer 2/3",0.0,0.0,0.0,0.166828,0.15770499999999998,0.324533,0.0,0.0
"Anterior area, layer 4",0.0,0.0,0.0,0.060552,0.057402,0.117954,0.0,0.0
"Laterointermediate area, layer 1",0.0,0.0,0.0,0.030478,0.0298,0.060278,0.0,0.0
"Laterointermediate area, layer 2/3",0.0,0.0,0.0,0.044784,0.042962,0.08774599999999999,0.0,0.0
"Laterointermediate area, layer 4",0.0,0.0,0.0,0.020746,0.019511,0.040257,0.0,0.0
"Laterointermediate area, layer 5",0.0,0.0,0.0,0.051965,0.050211,0.102176,0.0,0.0
"Laterointermediate area, layer 6a",0.0,0.0,0.0,0.027964,0.027573,0.055537,0.0,0.0
"Laterointermediate area, layer 6b",0.0,0.0,0.0,0.005719999999999999,0.00579,0.01151,0.0,0.0
"Rostrolateral area, layer 1",0.0,0.0,0.0,0.061078,0.06125800000000001,0.12233599999999999,0.0,0.0
"Rostrolateral area, layer 2/3",0.0,0.0,0.0,0.098712,0.098305,0.197017,0.0,0.0
"Rostrolateral area, layer 4",0.0,0.0,0.0,0.05218099999999999,0.052083000000000004,0.10426400000000001,0.0,0.0
"Rostrolateral area, layer 5",0.0,0.0,0.0,0.085579,0.086924,0.17250300000000002,0.0,0.0
"Rostrolateral area, layer 6a",0.0,0.0,0.0,0.05215499999999999,0.054042999999999994,0.106198,0.0,0.0
"Rostrolateral area, layer 6b",0.0,0.0,0.0,0.009789,0.010226,0.020015,0.0,0.0
"Postrhinal area, layer 1",0.0,0.0,0.0,0.113478,0.11059200000000001,0.22407,0.0,0.0
"Postrhinal area, layer 2/3",0.0,0.0,0.0,0.157824,0.14166800000000002,0.299492,0.0,0.0
"Postrhinal area, layer 4",0.0,0.0,0.0,0.022852,0.019536,0.042388,0.0,0.0
"Postrhinal area, layer 5",0.0,0.0,0.0,0.140626,0.121045,0.261671,0.0,0.0
"Postrhinal area, layer 6a",0.0,0.0,0.0,0.063056,0.055139,0.11819500000000001,0.0,0.0
"Postrhinal area, layer 6b",0.0,0.0,0.0,0.011604000000000001,0.010315000000000001,0.021919,0.0,0.0
Prosubiculum,0.0,0.0,0.0,0.507649,0.502595,1.010244,0.0,0.0
Area prostriata,0.0,0.0,0.0,0.124062,0.125777,0.249839,0.0,0.0
supra-callosal cerebral white matter,0.0,0.0,0.0,0.499109,0.478177,0.977286,0.0,0.0
"corpus callosum, body",0.0,0.0,0.0,1.48659,1.4305139999999998,2.917104,0.0,0.0
optic radiation,0.0,0.0,0.0,0.7621439999999999,0.7595770000000001,1.521721,0.0,0.0
auditory radiation,0.0,0.0,0.0,0.180082,0.182987,0.36306900000000003,0.0,0.0
commissural branch of stria terminalis,0.0,0.0,0.0,0.01401,0.014749000000000002,0.028758999999999996,0.0,0.0
"Dorsal part of the lateral geniculate complex, shell",0.0,0.0,0.0,0.09657400000000001,0.099665,0.196239,0.0,0.0
"Dorsal part of the lateral geniculate complex, core",0.0,0.0,0.0,0.220271,0.217788,0.43805900000000003,0.0,0.0
"Dorsal part of the lateral geniculate complex, ipsilateral zone",0.0,0.0,0.0,0.048531,0.049639,0.09817000000000001,0.0,0.0
"Frontal pole, layer 5",0.0,0.0,0.0,0.14729799999999998,0.151556,0.29885399999999995,0.0,0.0
"Frontal pole, layer 6a",0.0,0.0,0.0,0.044264,0.046856,0.09112,0.0,0.0
"Frontal pole, layer 6b",0.0,0.0,0.0,0.00035499999999999996,0.000399,0.000754,0.0,0.0
"Orbital area, medial part, layer 6b",0.0,0.0,0.0,0.001306,0.00147,0.0027760000000000003,0.0,0.0
Retroparafascicular nucleus,0.0,0.0,0.0,0.032311,0.031042,0.06335299999999999,0.0,0.0
Accessory trigeminal nucleus,0.0,0.0,0.0,0.008752,0.010192,0.018944,0.0,0.0
Intertrigeminal nucleus,0.0,0.0,0.0,0.021323,0.015929,0.037251999999999987,0.0,0.0
